Method;Job;AnalyzeLaunchVariance;EvaluateOverhead;MaxAbsoluteError;MaxRelativeError;MinInvokeCount;MinIterationTime;OutlierMode;Affinity;EnvironmentVariables;Jit;LargeAddressAware;Platform;PowerPlanMode;Runtime;AllowVeryLargeObjects;Concurrent;CpuGroups;Force;HeapAffinitizeMask;HeapCount;NoAffinitize;RetainVm;Server;Arguments;BuildConfiguration;Clock;EngineFactory;NuGetReferences;Toolchain;IsMutator;InvocationCount;IterationCount;IterationTime;LaunchCount;MaxIterationCount;MaxWarmupIterationCount;MemoryRandomization;MinIterationCount;MinWarmupIterationCount;RunStrategy;UnrollFactor;WarmupCount;DictionarySize;Mean;Error;StdDev;Median;Ratio;RatioSD;Gen0;Gen1;Gen2;Allocated;Alloc Ratio
Dictionary;Job-DJTJZX;False;Default;Default;Default;Default;Default;Default;11111111;Empty;RyuJit;Default;X64;8c5e7fda-e8bf-4a96-9a85-a6e23a8c635c;.NET 8.0;False;True;False;True;Default;Default;False;False;False;Default;Default;Default;Default;Default;Default;Default;Default;30;Default;Default;Default;Default;Default;Default;Default;Default;16;Default;11;180.3 ns;5.30 ns;7.93 ns;179.0 ns;baseline;;0.2103;0.0000;0.0000;440 B;
FrozenDictionary;Job-DJTJZX;False;Default;Default;Default;Default;Default;Default;11111111;Empty;RyuJit;Default;X64;8c5e7fda-e8bf-4a96-9a85-a6e23a8c635c;.NET 8.0;False;True;False;True;Default;Default;False;False;False;Default;Default;Default;Default;Default;Default;Default;Default;30;Default;Default;Default;Default;Default;Default;Default;Default;16;Default;11;648.2 ns;18.37 ns;27.49 ns;642.8 ns;+260%;5.8%;0.5198;0.0000;0.0000;1088 B;+147%
Dictionary;Job-DJTJZX;False;Default;Default;Default;Default;Default;Default;11111111;Empty;RyuJit;Default;X64;8c5e7fda-e8bf-4a96-9a85-a6e23a8c635c;.NET 8.0;False;True;False;True;Default;Default;False;False;False;Default;Default;Default;Default;Default;Default;Default;Default;30;Default;Default;Default;Default;Default;Default;Default;Default;16;Default;100;"1,176.7 ns";35.28 ns;52.80 ns;"1,160.2 ns";baseline;;1.4935;0.0000;0.0000;3128 B;
FrozenDictionary;Job-DJTJZX;False;Default;Default;Default;Default;Default;Default;11111111;Empty;RyuJit;Default;X64;8c5e7fda-e8bf-4a96-9a85-a6e23a8c635c;.NET 8.0;False;True;False;True;Default;Default;False;False;False;Default;Default;Default;Default;Default;Default;Default;Default;30;Default;Default;Default;Default;Default;Default;Default;Default;16;Default;100;"3,484.5 ns";89.26 ns;133.60 ns;"3,429.5 ns";+197%;6.2%;3.8185;0.0000;0.0000;7992 B;+155%
Dictionary;Job-DJTJZX;False;Default;Default;Default;Default;Default;Default;11111111;Empty;RyuJit;Default;X64;8c5e7fda-e8bf-4a96-9a85-a6e23a8c635c;.NET 8.0;False;True;False;True;Default;Default;False;False;False;Default;Default;Default;Default;Default;Default;Default;Default;30;Default;Default;Default;Default;Default;Default;Default;Default;16;Default;136;"1,601.3 ns";37.70 ns;56.43 ns;"1,575.1 ns";baseline;;2.2411;0.0000;0.0000;4696 B;
FrozenDictionary;Job-DJTJZX;False;Default;Default;Default;Default;Default;Default;11111111;Empty;RyuJit;Default;X64;8c5e7fda-e8bf-4a96-9a85-a6e23a8c635c;.NET 8.0;False;True;False;True;Default;Default;False;False;False;Default;Default;Default;Default;Default;Default;Default;Default;30;Default;Default;Default;Default;Default;Default;Default;Default;16;Default;136;"4,662.1 ns";142.06 ns;212.63 ns;"4,621.4 ns";+191%;5.2%;5.2490;0.0000;0.0000;11000 B;+134%
Dictionary;Job-DJTJZX;False;Default;Default;Default;Default;Default;Default;11111111;Empty;RyuJit;Default;X64;8c5e7fda-e8bf-4a96-9a85-a6e23a8c635c;.NET 8.0;False;True;False;True;Default;Default;False;False;False;Default;Default;Default;Default;Default;Default;Default;Default;30;Default;Default;Default;Default;Default;Default;Default;Default;16;Default;172;"1,984.4 ns";63.12 ns;94.47 ns;"1,932.4 ns";baseline;;2.6932;0.0000;0.0000;5648 B;
FrozenDictionary;Job-DJTJZX;False;Default;Default;Default;Default;Default;Default;11111111;Empty;RyuJit;Default;X64;8c5e7fda-e8bf-4a96-9a85-a6e23a8c635c;.NET 8.0;False;True;False;True;Default;Default;False;False;False;Default;Default;Default;Default;Default;Default;Default;Default;30;Default;Default;Default;Default;Default;Default;Default;Default;16;Default;172;"5,671.2 ns";147.84 ns;221.28 ns;"5,574.7 ns";+186%;5.8%;6.4163;0.0000;0.0000;13440 B;+138%
Dictionary;Job-DJTJZX;False;Default;Default;Default;Default;Default;Default;11111111;Empty;RyuJit;Default;X64;8c5e7fda-e8bf-4a96-9a85-a6e23a8c635c;.NET 8.0;False;True;False;True;Default;Default;False;False;False;Default;Default;Default;Default;Default;Default;Default;Default;30;Default;Default;Default;Default;Default;Default;Default;Default;16;Default;208;"2,401.8 ns";72.51 ns;106.28 ns;"2,342.5 ns";baseline;;3.2539;0.0000;0.0000;6824 B;
FrozenDictionary;Job-DJTJZX;False;Default;Default;Default;Default;Default;Default;11111111;Empty;RyuJit;Default;X64;8c5e7fda-e8bf-4a96-9a85-a6e23a8c635c;.NET 8.0;False;True;False;True;Default;Default;False;False;False;Default;Default;Default;Default;Default;Default;Default;Default;30;Default;Default;Default;Default;Default;Default;Default;Default;16;Default;208;"6,855.8 ns";153.32 ns;229.48 ns;"6,754.7 ns";+185%;5.2%;7.7515;0.0000;0.0000;16248 B;+138%
Dictionary;Job-DJTJZX;False;Default;Default;Default;Default;Default;Default;11111111;Empty;RyuJit;Default;X64;8c5e7fda-e8bf-4a96-9a85-a6e23a8c635c;.NET 8.0;False;True;False;True;Default;Default;False;False;False;Default;Default;Default;Default;Default;Default;Default;Default;30;Default;Default;Default;Default;Default;Default;Default;Default;16;Default;244;"2,727.4 ns";20.08 ns;26.12 ns;"2,716.6 ns";baseline;;3.9825;0.0000;0.0000;8336 B;
FrozenDictionary;Job-DJTJZX;False;Default;Default;Default;Default;Default;Default;11111111;Empty;RyuJit;Default;X64;8c5e7fda-e8bf-4a96-9a85-a6e23a8c635c;.NET 8.0;False;True;False;True;Default;Default;False;False;False;Default;Default;Default;Default;Default;Default;Default;Default;30;Default;Default;Default;Default;Default;Default;Default;Default;16;Default;244;"7,887.9 ns";166.03 ns;238.12 ns;"7,840.9 ns";+190%;3.1%;9.2926;0.0000;0.0000;19488 B;+134%
Dictionary;Job-DJTJZX;False;Default;Default;Default;Default;Default;Default;11111111;Empty;RyuJit;Default;X64;8c5e7fda-e8bf-4a96-9a85-a6e23a8c635c;.NET 8.0;False;True;False;True;Default;Default;False;False;False;Default;Default;Default;Default;Default;Default;Default;Default;30;Default;Default;Default;Default;Default;Default;Default;Default;16;Default;280;"3,120.7 ns";77.41 ns;115.87 ns;"3,088.4 ns";baseline;;3.9825;0.0000;0.0000;8336 B;
FrozenDictionary;Job-DJTJZX;False;Default;Default;Default;Default;Default;Default;11111111;Empty;RyuJit;Default;X64;8c5e7fda-e8bf-4a96-9a85-a6e23a8c635c;.NET 8.0;False;True;False;True;Default;Default;False;False;False;Default;Default;Default;Default;Default;Default;Default;Default;30;Default;Default;Default;Default;Default;Default;Default;Default;16;Default;280;"9,424.7 ns";471.90 ns;691.71 ns;"9,167.1 ns";+203%;9.1%;10.1929;0.0000;0.0000;21376 B;+156%
Dictionary;Job-DJTJZX;False;Default;Default;Default;Default;Default;Default;11111111;Empty;RyuJit;Default;X64;8c5e7fda-e8bf-4a96-9a85-a6e23a8c635c;.NET 8.0;False;True;False;True;Default;Default;False;False;False;Default;Default;Default;Default;Default;Default;Default;Default;30;Default;Default;Default;Default;Default;Default;Default;Default;16;Default;316;"3,542.1 ns";82.46 ns;120.87 ns;"3,488.1 ns";baseline;;4.7836;0.0000;0.0000;10016 B;
FrozenDictionary;Job-DJTJZX;False;Default;Default;Default;Default;Default;Default;11111111;Empty;RyuJit;Default;X64;8c5e7fda-e8bf-4a96-9a85-a6e23a8c635c;.NET 8.0;False;True;False;True;Default;Default;False;False;False;Default;Default;Default;Default;Default;Default;Default;Default;30;Default;Default;Default;Default;Default;Default;Default;Default;16;Default;316;"10,196.2 ns";163.70 ns;229.48 ns;"10,059.9 ns";+189%;3.2%;11.9629;0.0000;0.0000;25104 B;+151%
Dictionary;Job-DJTJZX;False;Default;Default;Default;Default;Default;Default;11111111;Empty;RyuJit;Default;X64;8c5e7fda-e8bf-4a96-9a85-a6e23a8c635c;.NET 8.0;False;True;False;True;Default;Default;False;False;False;Default;Default;Default;Default;Default;Default;Default;Default;30;Default;Default;Default;Default;Default;Default;Default;Default;16;Default;352;"3,931.4 ns";119.25 ns;178.49 ns;"3,896.2 ns";baseline;;4.7836;0.0000;0.0000;10016 B;
FrozenDictionary;Job-DJTJZX;False;Default;Default;Default;Default;Default;Default;11111111;Empty;RyuJit;Default;X64;8c5e7fda-e8bf-4a96-9a85-a6e23a8c635c;.NET 8.0;False;True;False;True;Default;Default;False;False;False;Default;Default;Default;Default;Default;Default;Default;Default;30;Default;Default;Default;Default;Default;Default;Default;Default;16;Default;352;"11,013.0 ns";165.83 ns;226.99 ns;"10,922.5 ns";+179%;5.1%;12.4664;0.0000;0.0000;26112 B;+161%
Dictionary;Job-DJTJZX;False;Default;Default;Default;Default;Default;Default;11111111;Empty;RyuJit;Default;X64;8c5e7fda-e8bf-4a96-9a85-a6e23a8c635c;.NET 8.0;False;True;False;True;Default;Default;False;False;False;Default;Default;Default;Default;Default;Default;Default;Default;30;Default;Default;Default;Default;Default;Default;Default;Default;16;Default;388;"4,409.1 ns";135.86 ns;203.34 ns;"4,343.9 ns";baseline;;5.8136;0.0000;0.0000;12200 B;
FrozenDictionary;Job-DJTJZX;False;Default;Default;Default;Default;Default;Default;11111111;Empty;RyuJit;Default;X64;8c5e7fda-e8bf-4a96-9a85-a6e23a8c635c;.NET 8.0;False;True;False;True;Default;Default;False;False;False;Default;Default;Default;Default;Default;Default;Default;Default;30;Default;Default;Default;Default;Default;Default;Default;Default;16;Default;388;"12,344.7 ns";235.38 ns;337.58 ns;"12,179.1 ns";+180%;4.1%;14.5874;0.0000;0.0000;30568 B;+151%
Dictionary;Job-DJTJZX;False;Default;Default;Default;Default;Default;Default;11111111;Empty;RyuJit;Default;X64;8c5e7fda-e8bf-4a96-9a85-a6e23a8c635c;.NET 8.0;False;True;False;True;Default;Default;False;False;False;Default;Default;Default;Default;Default;Default;Default;Default;30;Default;Default;Default;Default;Default;Default;Default;Default;16;Default;424;"4,759.6 ns";139.30 ns;208.49 ns;"4,731.1 ns";baseline;;5.8136;0.0000;0.0000;12200 B;
FrozenDictionary;Job-DJTJZX;False;Default;Default;Default;Default;Default;Default;11111111;Empty;RyuJit;Default;X64;8c5e7fda-e8bf-4a96-9a85-a6e23a8c635c;.NET 8.0;False;True;False;True;Default;Default;False;False;False;Default;Default;Default;Default;Default;Default;Default;Default;30;Default;Default;Default;Default;Default;Default;Default;Default;16;Default;424;"13,423.7 ns";364.31 ns;545.28 ns;"13,239.5 ns";+183%;5.8%;15.0604;0.0000;0.0000;31576 B;+159%
Dictionary;Job-DJTJZX;False;Default;Default;Default;Default;Default;Default;11111111;Empty;RyuJit;Default;X64;8c5e7fda-e8bf-4a96-9a85-a6e23a8c635c;.NET 8.0;False;True;False;True;Default;Default;False;False;False;Default;Default;Default;Default;Default;Default;Default;Default;30;Default;Default;Default;Default;Default;Default;Default;Default;16;Default;460;"5,185.9 ns";152.96 ns;228.95 ns;"5,117.4 ns";baseline;;6.9885;0.0000;0.0000;14720 B;
FrozenDictionary;Job-DJTJZX;False;Default;Default;Default;Default;Default;Default;11111111;Empty;RyuJit;Default;X64;8c5e7fda-e8bf-4a96-9a85-a6e23a8c635c;.NET 8.0;False;True;False;True;Default;Default;False;False;False;Default;Default;Default;Default;Default;Default;Default;Default;30;Default;Default;Default;Default;Default;Default;Default;Default;16;Default;460;"15,032.8 ns";382.51 ns;572.52 ns;"14,858.4 ns";+190%;4.3%;17.4408;0.0000;0.0000;36576 B;+148%
Dictionary;Job-DJTJZX;False;Default;Default;Default;Default;Default;Default;11111111;Empty;RyuJit;Default;X64;8c5e7fda-e8bf-4a96-9a85-a6e23a8c635c;.NET 8.0;False;True;False;True;Default;Default;False;False;False;Default;Default;Default;Default;Default;Default;Default;Default;30;Default;Default;Default;Default;Default;Default;Default;Default;16;Default;496;"5,433.7 ns";132.91 ns;194.82 ns;"5,352.4 ns";baseline;;6.9885;0.0000;0.0000;14720 B;
FrozenDictionary;Job-DJTJZX;False;Default;Default;Default;Default;Default;Default;11111111;Empty;RyuJit;Default;X64;8c5e7fda-e8bf-4a96-9a85-a6e23a8c635c;.NET 8.0;False;True;False;True;Default;Default;False;False;False;Default;Default;Default;Default;Default;Default;Default;Default;30;Default;Default;Default;Default;Default;Default;Default;Default;16;Default;496;"16,042.1 ns";476.07 ns;712.55 ns;"15,939.1 ns";+196%;5.0%;17.9138;0.0000;0.0000;37584 B;+155%
Dictionary;Job-DJTJZX;False;Default;Default;Default;Default;Default;Default;11111111;Empty;RyuJit;Default;X64;8c5e7fda-e8bf-4a96-9a85-a6e23a8c635c;.NET 8.0;False;True;False;True;Default;Default;False;False;False;Default;Default;Default;Default;Default;Default;Default;Default;30;Default;Default;Default;Default;Default;Default;Default;Default;16;Default;532;"6,013.8 ns";155.64 ns;232.96 ns;"5,897.5 ns";baseline;;8.4686;0.0000;0.0000;17800 B;
FrozenDictionary;Job-DJTJZX;False;Default;Default;Default;Default;Default;Default;11111111;Empty;RyuJit;Default;X64;8c5e7fda-e8bf-4a96-9a85-a6e23a8c635c;.NET 8.0;False;True;False;True;Default;Default;False;False;False;Default;Default;Default;Default;Default;Default;Default;Default;30;Default;Default;Default;Default;Default;Default;Default;Default;16;Default;532;"16,606.4 ns";389.30 ns;558.32 ns;"16,313.7 ns";+176%;5.0%;19.8669;0.0000;0.0000;41672 B;+134%
Dictionary;Job-DJTJZX;False;Default;Default;Default;Default;Default;Default;11111111;Empty;RyuJit;Default;X64;8c5e7fda-e8bf-4a96-9a85-a6e23a8c635c;.NET 8.0;False;True;False;True;Default;Default;False;False;False;Default;Default;Default;Default;Default;Default;Default;Default;30;Default;Default;Default;Default;Default;Default;Default;Default;16;Default;568;"6,353.8 ns";169.51 ns;253.71 ns;"6,237.1 ns";baseline;;8.4686;0.0000;0.0000;17800 B;
FrozenDictionary;Job-DJTJZX;False;Default;Default;Default;Default;Default;Default;11111111;Empty;RyuJit;Default;X64;8c5e7fda-e8bf-4a96-9a85-a6e23a8c635c;.NET 8.0;False;True;False;True;Default;Default;False;False;False;Default;Default;Default;Default;Default;Default;Default;Default;30;Default;Default;Default;Default;Default;Default;Default;Default;16;Default;568;"18,588.9 ns";576.75 ns;863.25 ns;"18,430.6 ns";+193%;6.2%;21.1792;0.0000;0.0000;44472 B;+150%
Dictionary;Job-DJTJZX;False;Default;Default;Default;Default;Default;Default;11111111;Empty;RyuJit;Default;X64;8c5e7fda-e8bf-4a96-9a85-a6e23a8c635c;.NET 8.0;False;True;False;True;Default;Default;False;False;False;Default;Default;Default;Default;Default;Default;Default;Default;30;Default;Default;Default;Default;Default;Default;Default;Default;16;Default;604;"6,499.5 ns";103.02 ns;144.41 ns;"6,450.8 ns";baseline;;8.4686;0.0000;0.0000;17800 B;
FrozenDictionary;Job-DJTJZX;False;Default;Default;Default;Default;Default;Default;11111111;Empty;RyuJit;Default;X64;8c5e7fda-e8bf-4a96-9a85-a6e23a8c635c;.NET 8.0;False;True;False;True;Default;Default;False;False;False;Default;Default;Default;Default;Default;Default;Default;Default;30;Default;Default;Default;Default;Default;Default;Default;Default;16;Default;604;"19,185.8 ns";487.84 ns;715.07 ns;"18,849.9 ns";+195%;3.8%;21.7285;0.0000;0.0000;45480 B;+156%
Dictionary;Job-DJTJZX;False;Default;Default;Default;Default;Default;Default;11111111;Empty;RyuJit;Default;X64;8c5e7fda-e8bf-4a96-9a85-a6e23a8c635c;.NET 8.0;False;True;False;True;Default;Default;False;False;False;Default;Default;Default;Default;Default;Default;Default;Default;30;Default;Default;Default;Default;Default;Default;Default;Default;16;Default;640;"7,326.2 ns";179.16 ns;268.16 ns;"7,309.0 ns";baseline;;10.1929;0.0000;0.0000;21440 B;
FrozenDictionary;Job-DJTJZX;False;Default;Default;Default;Default;Default;Default;11111111;Empty;RyuJit;Default;X64;8c5e7fda-e8bf-4a96-9a85-a6e23a8c635c;.NET 8.0;False;True;False;True;Default;Default;False;False;False;Default;Default;Default;Default;Default;Default;Default;Default;30;Default;Default;Default;Default;Default;Default;Default;Default;16;Default;640;"20,438.9 ns";562.32 ns;841.65 ns;"20,136.6 ns";+179%;5.2%;23.8037;0.0000;0.0000;50128 B;+134%
Dictionary;Job-DJTJZX;False;Default;Default;Default;Default;Default;Default;11111111;Empty;RyuJit;Default;X64;8c5e7fda-e8bf-4a96-9a85-a6e23a8c635c;.NET 8.0;False;True;False;True;Default;Default;False;False;False;Default;Default;Default;Default;Default;Default;Default;Default;30;Default;Default;Default;Default;Default;Default;Default;Default;16;Default;676;"7,488.5 ns";176.64 ns;264.39 ns;"7,370.7 ns";baseline;;10.2005;0.0000;0.0000;21440 B;
FrozenDictionary;Job-DJTJZX;False;Default;Default;Default;Default;Default;Default;11111111;Empty;RyuJit;Default;X64;8c5e7fda-e8bf-4a96-9a85-a6e23a8c635c;.NET 8.0;False;True;False;True;Default;Default;False;False;False;Default;Default;Default;Default;Default;Default;Default;Default;30;Default;Default;Default;Default;Default;Default;Default;Default;16;Default;676;"21,562.1 ns";505.00 ns;707.94 ns;"21,379.0 ns";+188%;4.1%;25.4211;0.0000;0.0000;53296 B;+149%
Dictionary;Job-DJTJZX;False;Default;Default;Default;Default;Default;Default;11111111;Empty;RyuJit;Default;X64;8c5e7fda-e8bf-4a96-9a85-a6e23a8c635c;.NET 8.0;False;True;False;True;Default;Default;False;False;False;Default;Default;Default;Default;Default;Default;Default;Default;30;Default;Default;Default;Default;Default;Default;Default;Default;16;Default;712;"7,749.7 ns";178.28 ns;249.93 ns;"7,667.5 ns";baseline;;10.1929;0.0000;0.0000;21440 B;
FrozenDictionary;Job-DJTJZX;False;Default;Default;Default;Default;Default;Default;11111111;Empty;RyuJit;Default;X64;8c5e7fda-e8bf-4a96-9a85-a6e23a8c635c;.NET 8.0;False;True;False;True;Default;Default;False;False;False;Default;Default;Default;Default;Default;Default;Default;Default;30;Default;Default;Default;Default;Default;Default;Default;Default;16;Default;712;"22,627.3 ns";645.17 ns;965.66 ns;"22,280.9 ns";+193%;4.6%;25.8484;0.0000;0.0000;54304 B;+153%
Dictionary;Job-DJTJZX;False;Default;Default;Default;Default;Default;Default;11111111;Empty;RyuJit;Default;X64;8c5e7fda-e8bf-4a96-9a85-a6e23a8c635c;.NET 8.0;False;True;False;True;Default;Default;False;False;False;Default;Default;Default;Default;Default;Default;Default;Default;30;Default;Default;Default;Default;Default;Default;Default;Default;16;Default;748;"8,355.4 ns";226.57 ns;324.94 ns;"8,318.6 ns";baseline;;10.1929;0.0000;0.0000;21440 B;
FrozenDictionary;Job-DJTJZX;False;Default;Default;Default;Default;Default;Default;11111111;Empty;RyuJit;Default;X64;8c5e7fda-e8bf-4a96-9a85-a6e23a8c635c;.NET 8.0;False;True;False;True;Default;Default;False;False;False;Default;Default;Default;Default;Default;Default;Default;Default;30;Default;Default;Default;Default;Default;Default;Default;Default;16;Default;748;"24,172.2 ns";595.04 ns;890.63 ns;"24,056.6 ns";+189%;5.7%;26.3062;0.0000;0.0000;55312 B;+158%
Dictionary;Job-DJTJZX;False;Default;Default;Default;Default;Default;Default;11111111;Empty;RyuJit;Default;X64;8c5e7fda-e8bf-4a96-9a85-a6e23a8c635c;.NET 8.0;False;True;False;True;Default;Default;False;False;False;Default;Default;Default;Default;Default;Default;Default;Default;30;Default;Default;Default;Default;Default;Default;Default;Default;16;Default;784;"8,898.9 ns";267.20 ns;399.93 ns;"8,775.4 ns";baseline;;12.3444;0.0000;0.0000;25864 B;
FrozenDictionary;Job-DJTJZX;False;Default;Default;Default;Default;Default;Default;11111111;Empty;RyuJit;Default;X64;8c5e7fda-e8bf-4a96-9a85-a6e23a8c635c;.NET 8.0;False;True;False;True;Default;Default;False;False;False;Default;Default;Default;Default;Default;Default;Default;Default;30;Default;Default;Default;Default;Default;Default;Default;Default;16;Default;784;"25,369.5 ns";688.64 ns;"1,030.72 ns";"25,064.7 ns";+186%;5.9%;28.9612;0.0000;0.0000;60744 B;+135%
Dictionary;Job-DJTJZX;False;Default;Default;Default;Default;Default;Default;11111111;Empty;RyuJit;Default;X64;8c5e7fda-e8bf-4a96-9a85-a6e23a8c635c;.NET 8.0;False;True;False;True;Default;Default;False;False;False;Default;Default;Default;Default;Default;Default;Default;Default;30;Default;Default;Default;Default;Default;Default;Default;Default;16;Default;820;"9,216.8 ns";280.90 ns;420.44 ns;"9,056.5 ns";baseline;;12.3444;0.0000;0.0000;25864 B;
FrozenDictionary;Job-DJTJZX;False;Default;Default;Default;Default;Default;Default;11111111;Empty;RyuJit;Default;X64;8c5e7fda-e8bf-4a96-9a85-a6e23a8c635c;.NET 8.0;False;True;False;True;Default;Default;False;False;False;Default;Default;Default;Default;Default;Default;Default;Default;30;Default;Default;Default;Default;Default;Default;Default;Default;16;Default;820;"26,070.7 ns";697.29 ns;"1,043.67 ns";"25,742.0 ns";+183%;5.2%;30.7617;0.0000;0.0000;64424 B;+149%
Dictionary;Job-DJTJZX;False;Default;Default;Default;Default;Default;Default;11111111;Empty;RyuJit;Default;X64;8c5e7fda-e8bf-4a96-9a85-a6e23a8c635c;.NET 8.0;False;True;False;True;Default;Default;False;False;False;Default;Default;Default;Default;Default;Default;Default;Default;30;Default;Default;Default;Default;Default;Default;Default;Default;16;Default;856;"9,489.1 ns";259.63 ns;388.60 ns;"9,422.1 ns";baseline;;12.3444;0.0000;0.0000;25864 B;
FrozenDictionary;Job-DJTJZX;False;Default;Default;Default;Default;Default;Default;11111111;Empty;RyuJit;Default;X64;8c5e7fda-e8bf-4a96-9a85-a6e23a8c635c;.NET 8.0;False;True;False;True;Default;Default;False;False;False;Default;Default;Default;Default;Default;Default;Default;Default;30;Default;Default;Default;Default;Default;Default;Default;Default;16;Default;856;"26,632.2 ns";510.63 ns;681.67 ns;"26,806.3 ns";+181%;4.7%;31.1890;0.0000;0.0000;65432 B;+153%
Dictionary;Job-DJTJZX;False;Default;Default;Default;Default;Default;Default;11111111;Empty;RyuJit;Default;X64;8c5e7fda-e8bf-4a96-9a85-a6e23a8c635c;.NET 8.0;False;True;False;True;Default;Default;False;False;False;Default;Default;Default;Default;Default;Default;Default;Default;30;Default;Default;Default;Default;Default;Default;Default;Default;16;Default;892;"9,950.9 ns";292.13 ns;437.25 ns;"9,879.7 ns";baseline;;12.3444;0.0000;0.0000;25864 B;
FrozenDictionary;Job-DJTJZX;False;Default;Default;Default;Default;Default;Default;11111111;Empty;RyuJit;Default;X64;8c5e7fda-e8bf-4a96-9a85-a6e23a8c635c;.NET 8.0;False;True;False;True;Default;Default;False;False;False;Default;Default;Default;Default;Default;Default;Default;Default;30;Default;Default;Default;Default;Default;Default;Default;Default;16;Default;892;"27,551.7 ns";493.99 ns;676.18 ns;"27,280.2 ns";+175%;4.5%;31.5552;0.0000;0.0000;66440 B;+157%
Dictionary;Job-DJTJZX;False;Default;Default;Default;Default;Default;Default;11111111;Empty;RyuJit;Default;X64;8c5e7fda-e8bf-4a96-9a85-a6e23a8c635c;.NET 8.0;False;True;False;True;Default;Default;False;False;False;Default;Default;Default;Default;Default;Default;Default;Default;30;Default;Default;Default;Default;Default;Default;Default;Default;16;Default;928;"10,459.3 ns";300.23 ns;449.37 ns;"10,314.9 ns";baseline;;14.6942;0.0000;0.0000;31016 B;
FrozenDictionary;Job-DJTJZX;False;Default;Default;Default;Default;Default;Default;11111111;Empty;RyuJit;Default;X64;8c5e7fda-e8bf-4a96-9a85-a6e23a8c635c;.NET 8.0;False;True;False;True;Default;Default;False;False;False;Default;Default;Default;Default;Default;Default;Default;Default;30;Default;Default;Default;Default;Default;Default;Default;Default;16;Default;928;"29,725.6 ns";881.76 ns;"1,319.78 ns";"29,622.4 ns";+185%;5.7%;34.4238;0.0000;0.0000;72600 B;+134%
Dictionary;Job-DJTJZX;False;Default;Default;Default;Default;Default;Default;11111111;Empty;RyuJit;Default;X64;8c5e7fda-e8bf-4a96-9a85-a6e23a8c635c;.NET 8.0;False;True;False;True;Default;Default;False;False;False;Default;Default;Default;Default;Default;Default;Default;Default;30;Default;Default;Default;Default;Default;Default;Default;Default;16;Default;964;"10,914.2 ns";363.18 ns;509.13 ns;"10,709.8 ns";baseline;;14.6942;0.0000;0.0000;31016 B;
FrozenDictionary;Job-DJTJZX;False;Default;Default;Default;Default;Default;Default;11111111;Empty;RyuJit;Default;X64;8c5e7fda-e8bf-4a96-9a85-a6e23a8c635c;.NET 8.0;False;True;False;True;Default;Default;False;False;False;Default;Default;Default;Default;Default;Default;Default;Default;30;Default;Default;Default;Default;Default;Default;Default;Default;16;Default;964;"30,353.5 ns";590.37 ns;883.64 ns;"30,153.3 ns";+178%;5.8%;35.0647;0.0000;0.0000;73608 B;+137%
Dictionary;Job-DJTJZX;False;Default;Default;Default;Default;Default;Default;11111111;Empty;RyuJit;Default;X64;8c5e7fda-e8bf-4a96-9a85-a6e23a8c635c;.NET 8.0;False;True;False;True;Default;Default;False;False;False;Default;Default;Default;Default;Default;Default;Default;Default;30;Default;Default;Default;Default;Default;Default;Default;Default;16;Default;1000;"10,899.3 ns";171.78 ns;246.36 ns;"10,818.5 ns";baseline;;14.6942;0.0000;0.0000;31016 B;
FrozenDictionary;Job-DJTJZX;False;Default;Default;Default;Default;Default;Default;11111111;Empty;RyuJit;Default;X64;8c5e7fda-e8bf-4a96-9a85-a6e23a8c635c;.NET 8.0;False;True;False;True;Default;Default;False;False;False;Default;Default;Default;Default;Default;Default;Default;Default;30;Default;Default;Default;Default;Default;Default;Default;Default;16;Default;1000;"31,599.4 ns";957.52 ns;"1,403.53 ns";"30,770.9 ns";+190%;5.1%;36.9873;0.0000;0.0000;77832 B;+151%
Dictionary;Job-DJTJZX;False;Default;Default;Default;Default;Default;Default;11111111;Empty;RyuJit;Default;X64;8c5e7fda-e8bf-4a96-9a85-a6e23a8c635c;.NET 8.0;False;True;False;True;Default;Default;False;False;False;Default;Default;Default;Default;Default;Default;Default;Default;30;Default;Default;Default;Default;Default;Default;Default;Default;16;Default;1360;"15,495.5 ns";454.99 ns;681.00 ns;"15,365.1 ns";baseline;;21.2708;0.0000;0.0000;44848 B;
FrozenDictionary;Job-DJTJZX;False;Default;Default;Default;Default;Default;Default;11111111;Empty;RyuJit;Default;X64;8c5e7fda-e8bf-4a96-9a85-a6e23a8c635c;.NET 8.0;False;True;False;True;Default;Default;False;False;False;Default;Default;Default;Default;Default;Default;Default;Default;30;Default;Default;Default;Default;Default;Default;Default;Default;16;Default;1360;"42,559.4 ns";852.70 ns;"1,195.37 ns";"42,210.3 ns";+176%;5.2%;49.9878;0.0000;0.0000;105488 B;+135%
Dictionary;Job-DJTJZX;False;Default;Default;Default;Default;Default;Default;11111111;Empty;RyuJit;Default;X64;8c5e7fda-e8bf-4a96-9a85-a6e23a8c635c;.NET 8.0;False;True;False;True;Default;Default;False;False;False;Default;Default;Default;Default;Default;Default;Default;Default;30;Default;Default;Default;Default;Default;Default;Default;Default;16;Default;1720;"19,540.4 ns";560.07 ns;838.29 ns;"19,496.0 ns";baseline;;25.6348;0.0000;0.0000;54200 B;
FrozenDictionary;Job-DJTJZX;False;Default;Default;Default;Default;Default;Default;11111111;Empty;RyuJit;Default;X64;8c5e7fda-e8bf-4a96-9a85-a6e23a8c635c;.NET 8.0;False;True;False;True;Default;Default;False;False;False;Default;Default;Default;Default;Default;Default;Default;Default;30;Default;Default;Default;Default;Default;Default;Default;Default;16;Default;1720;"56,317.3 ns";"1,233.12 ns";"1,807.50 ns";"55,985.3 ns";+189%;5.5%;60.9741;12.1460;0.0000;134904 B;+149%
Dictionary;Job-DJTJZX;False;Default;Default;Default;Default;Default;Default;11111111;Empty;RyuJit;Default;X64;8c5e7fda-e8bf-4a96-9a85-a6e23a8c635c;.NET 8.0;False;True;False;True;Default;Default;False;False;False;Default;Default;Default;Default;Default;Default;Default;Default;30;Default;Default;Default;Default;Default;Default;Default;Default;16;Default;2080;"22,741.1 ns";417.17 ns;584.81 ns;"22,616.1 ns";baseline;;31.2195;0.0000;0.0000;65456 B;
FrozenDictionary;Job-DJTJZX;False;Default;Default;Default;Default;Default;Default;11111111;Empty;RyuJit;Default;X64;8c5e7fda-e8bf-4a96-9a85-a6e23a8c635c;.NET 8.0;False;True;False;True;Default;Default;False;False;False;Default;Default;Default;Default;Default;Default;Default;Default;30;Default;Default;Default;Default;Default;Default;Default;Default;16;Default;2080;"66,425.7 ns";"2,226.49 ns";"3,332.51 ns";"66,294.7 ns";+193%;6.1%;76.9043;0.0000;0.0000;162736 B;+149%
Dictionary;Job-DJTJZX;False;Default;Default;Default;Default;Default;Default;11111111;Empty;RyuJit;Default;X64;8c5e7fda-e8bf-4a96-9a85-a6e23a8c635c;.NET 8.0;False;True;False;True;Default;Default;False;False;False;Default;Default;Default;Default;Default;Default;Default;Default;30;Default;Default;Default;Default;Default;Default;Default;Default;16;Default;2440;"27,476.9 ns";788.83 ns;"1,180.68 ns";"27,050.1 ns";baseline;;37.0178;0.0000;0.0000;78560 B;
FrozenDictionary;Job-DJTJZX;False;Default;Default;Default;Default;Default;Default;11111111;Empty;RyuJit;Default;X64;8c5e7fda-e8bf-4a96-9a85-a6e23a8c635c;.NET 8.0;False;True;False;True;Default;Default;False;False;False;Default;Default;Default;Default;Default;Default;Default;Default;30;Default;Default;Default;Default;Default;Default;Default;Default;16;Default;2440;"75,314.3 ns";"2,266.89 ns";"3,392.98 ns";"74,119.0 ns";+175%;6.0%;90.8203;0.0000;0.0000;193744 B;+147%
Dictionary;Job-DJTJZX;False;Default;Default;Default;Default;Default;Default;11111111;Empty;RyuJit;Default;X64;8c5e7fda-e8bf-4a96-9a85-a6e23a8c635c;.NET 8.0;False;True;False;True;Default;Default;False;False;False;Default;Default;Default;Default;Default;Default;Default;Default;30;Default;Default;Default;Default;Default;Default;Default;Default;16;Default;2800;"29,979.1 ns";491.67 ns;673.00 ns;"29,833.5 ns";baseline;;36.9873;0.0000;0.0000;78560 B;
FrozenDictionary;Job-DJTJZX;False;Default;Default;Default;Default;Default;Default;11111111;Empty;RyuJit;Default;X64;8c5e7fda-e8bf-4a96-9a85-a6e23a8c635c;.NET 8.0;False;True;False;True;Default;Default;False;False;False;Default;Default;Default;Default;Default;Default;Default;Default;30;Default;Default;Default;Default;Default;Default;Default;Default;16;Default;2800;"96,441.5 ns";"2,098.78 ns";"3,141.36 ns";"95,831.7 ns";+222%;4.4%;69.7021;23.1934;0.0000;203824 B;+159%
Dictionary;Job-DJTJZX;False;Default;Default;Default;Default;Default;Default;11111111;Empty;RyuJit;Default;X64;8c5e7fda-e8bf-4a96-9a85-a6e23a8c635c;.NET 8.0;False;True;False;True;Default;Default;False;False;False;Default;Default;Default;Default;Default;Default;Default;Default;30;Default;Default;Default;Default;Default;Default;Default;Default;16;Default;3160;"35,712.2 ns";"1,067.05 ns";"1,597.11 ns";"35,534.9 ns";baseline;;44.4336;0.0000;0.0000;94520 B;
FrozenDictionary;Job-DJTJZX;False;Default;Default;Default;Default;Default;Default;11111111;Empty;RyuJit;Default;X64;8c5e7fda-e8bf-4a96-9a85-a6e23a8c635c;.NET 8.0;False;True;False;True;Default;Default;False;False;False;Default;Default;Default;Default;Default;Default;Default;Default;30;Default;Default;Default;Default;Default;Default;Default;Default;16;Default;3160;"108,060.3 ns";"2,625.43 ns";"3,929.61 ns";"106,057.0 ns";+203%;6.1%;88.0127;29.1748;0.0000;239256 B;+153%
Dictionary;Job-DJTJZX;False;Default;Default;Default;Default;Default;Default;11111111;Empty;RyuJit;Default;X64;8c5e7fda-e8bf-4a96-9a85-a6e23a8c635c;.NET 8.0;False;True;False;True;Default;Default;False;False;False;Default;Default;Default;Default;Default;Default;Default;Default;30;Default;Default;Default;Default;Default;Default;Default;Default;16;Default;3520;"147,176.3 ns";"1,506.32 ns";"2,254.59 ns";"147,823.6 ns";baseline;;30.2734;30.2734;30.2734;113525 B;
FrozenDictionary;Job-DJTJZX;False;Default;Default;Default;Default;Default;Default;11111111;Empty;RyuJit;Default;X64;8c5e7fda-e8bf-4a96-9a85-a6e23a8c635c;.NET 8.0;False;True;False;True;Default;Default;False;False;False;Default;Default;Default;Default;Default;Default;Default;Default;30;Default;Default;Default;Default;Default;Default;Default;Default;16;Default;3520;"231,108.9 ns";"2,315.52 ns";"3,394.06 ns";"230,927.6 ns";+57%;1.6%;90.8203;30.2734;30.2734;279589 B;+146%
Dictionary;Job-DJTJZX;False;Default;Default;Default;Default;Default;Default;11111111;Empty;RyuJit;Default;X64;8c5e7fda-e8bf-4a96-9a85-a6e23a8c635c;.NET 8.0;False;True;False;True;Default;Default;False;False;False;Default;Default;Default;Default;Default;Default;Default;Default;30;Default;Default;Default;Default;Default;Default;Default;Default;16;Default;3880;"156,470.5 ns";"1,699.46 ns";"2,543.67 ns";"156,768.7 ns";baseline;;30.2734;30.2734;30.2734;113525 B;
FrozenDictionary;Job-DJTJZX;False;Default;Default;Default;Default;Default;Default;11111111;Empty;RyuJit;Default;X64;8c5e7fda-e8bf-4a96-9a85-a6e23a8c635c;.NET 8.0;False;True;False;True;Default;Default;False;False;False;Default;Default;Default;Default;Default;Default;Default;Default;30;Default;Default;Default;Default;Default;Default;Default;Default;16;Default;3880;"250,122.7 ns";"3,190.85 ns";"4,775.91 ns";"249,189.1 ns";+60%;2.3%;90.8203;30.2734;30.2734;289669 B;+155%
Dictionary;Job-DJTJZX;False;Default;Default;Default;Default;Default;Default;11111111;Empty;RyuJit;Default;X64;8c5e7fda-e8bf-4a96-9a85-a6e23a8c635c;.NET 8.0;False;True;False;True;Default;Default;False;False;False;Default;Default;Default;Default;Default;Default;Default;Default;30;Default;Default;Default;Default;Default;Default;Default;Default;16;Default;4240;"179,439.8 ns";"1,846.69 ns";"2,764.04 ns";"180,065.6 ns";baseline;;36.8652;36.8652;36.8652;136265 B;
FrozenDictionary;Job-DJTJZX;False;Default;Default;Default;Default;Default;Default;11111111;Empty;RyuJit;Default;X64;8c5e7fda-e8bf-4a96-9a85-a6e23a8c635c;.NET 8.0;False;True;False;True;Default;Default;False;False;False;Default;Default;Default;Default;Default;Default;Default;Default;30;Default;Default;Default;Default;Default;Default;Default;Default;16;Default;4240;"290,030.4 ns";"2,014.72 ns";"3,015.54 ns";"289,961.3 ns";+62%;1.9%;107.9102;36.6211;36.6211;335961 B;+147%
Dictionary;Job-DJTJZX;False;Default;Default;Default;Default;Default;Default;11111111;Empty;RyuJit;Default;X64;8c5e7fda-e8bf-4a96-9a85-a6e23a8c635c;.NET 8.0;False;True;False;True;Default;Default;False;False;False;Default;Default;Default;Default;Default;Default;Default;Default;30;Default;Default;Default;Default;Default;Default;Default;Default;16;Default;4600;"188,240.3 ns";"1,912.91 ns";"2,863.15 ns";"188,720.6 ns";baseline;;36.8652;36.8652;36.8652;136265 B;
FrozenDictionary;Job-DJTJZX;False;Default;Default;Default;Default;Default;Default;11111111;Empty;RyuJit;Default;X64;8c5e7fda-e8bf-4a96-9a85-a6e23a8c635c;.NET 8.0;False;True;False;True;Default;Default;False;False;False;Default;Default;Default;Default;Default;Default;Default;Default;30;Default;Default;Default;Default;Default;Default;Default;Default;16;Default;4600;"300,486.8 ns";"3,148.43 ns";"4,712.42 ns";"300,928.1 ns";+60%;2.3%;92.2852;36.6211;36.6211;346041 B;+154%
Dictionary;Job-DJTJZX;False;Default;Default;Default;Default;Default;Default;11111111;Empty;RyuJit;Default;X64;8c5e7fda-e8bf-4a96-9a85-a6e23a8c635c;.NET 8.0;False;True;False;True;Default;Default;False;False;False;Default;Default;Default;Default;Default;Default;Default;Default;30;Default;Default;Default;Default;Default;Default;Default;Default;16;Default;4960;"205,920.5 ns";"1,881.19 ns";"2,815.67 ns";"206,092.9 ns";baseline;;43.4570;43.4570;43.4570;163653 B;
FrozenDictionary;Job-DJTJZX;False;Default;Default;Default;Default;Default;Default;11111111;Empty;RyuJit;Default;X64;8c5e7fda-e8bf-4a96-9a85-a6e23a8c635c;.NET 8.0;False;True;False;True;Default;Default;False;False;False;Default;Default;Default;Default;Default;Default;Default;Default;30;Default;Default;Default;Default;Default;Default;Default;Default;16;Default;4960;"325,663.6 ns";"3,595.48 ns";"5,040.36 ns";"326,482.7 ns";+58%;2.1%;129.8828;43.4570;43.4570;383509 B;+134%
Dictionary;Job-DJTJZX;False;Default;Default;Default;Default;Default;Default;11111111;Empty;RyuJit;Default;X64;8c5e7fda-e8bf-4a96-9a85-a6e23a8c635c;.NET 8.0;False;True;False;True;Default;Default;False;False;False;Default;Default;Default;Default;Default;Default;Default;Default;30;Default;Default;Default;Default;Default;Default;Default;Default;16;Default;5320;"213,956.3 ns";"2,229.93 ns";"3,198.11 ns";"214,371.5 ns";baseline;;43.4570;43.4570;43.4570;163653 B;
FrozenDictionary;Job-DJTJZX;False;Default;Default;Default;Default;Default;Default;11111111;Empty;RyuJit;Default;X64;8c5e7fda-e8bf-4a96-9a85-a6e23a8c635c;.NET 8.0;False;True;False;True;Default;Default;False;False;False;Default;Default;Default;Default;Default;Default;Default;Default;30;Default;Default;Default;Default;Default;Default;Default;Default;16;Default;5320;"481,679.7 ns";"2,513.59 ns";"3,762.22 ns";"481,174.2 ns";+125%;1.6%;99.6094;99.6094;99.6094;409947 B;+150%
Dictionary;Job-DJTJZX;False;Default;Default;Default;Default;Default;Default;11111111;Empty;RyuJit;Default;X64;8c5e7fda-e8bf-4a96-9a85-a6e23a8c635c;.NET 8.0;False;True;False;True;Default;Default;False;False;False;Default;Default;Default;Default;Default;Default;Default;Default;30;Default;Default;Default;Default;Default;Default;Default;Default;16;Default;5680;"223,287.2 ns";"3,126.65 ns";"4,583.01 ns";"223,395.5 ns";baseline;;43.4570;43.4570;43.4570;163653 B;
FrozenDictionary;Job-DJTJZX;False;Default;Default;Default;Default;Default;Default;11111111;Empty;RyuJit;Default;X64;8c5e7fda-e8bf-4a96-9a85-a6e23a8c635c;.NET 8.0;False;True;False;True;Default;Default;False;False;False;Default;Default;Default;Default;Default;Default;Default;Default;30;Default;Default;Default;Default;Default;Default;Default;Default;16;Default;5680;"247,929.8 ns";"2,877.47 ns";"4,217.75 ns";"248,672.5 ns";+11%;2.3%;99.6094;99.6094;99.6094;420027 B;+157%
Dictionary;Job-DJTJZX;False;Default;Default;Default;Default;Default;Default;11111111;Empty;RyuJit;Default;X64;8c5e7fda-e8bf-4a96-9a85-a6e23a8c635c;.NET 8.0;False;True;False;True;Default;Default;False;False;False;Default;Default;Default;Default;Default;Default;Default;Default;30;Default;Default;Default;Default;Default;Default;Default;Default;16;Default;6040;"242,149.0 ns";"1,897.24 ns";"2,839.69 ns";"242,048.9 ns";baseline;;52.2461;52.2461;52.2461;196531 B;
FrozenDictionary;Job-DJTJZX;False;Default;Default;Default;Default;Default;Default;11111111;Empty;RyuJit;Default;X64;8c5e7fda-e8bf-4a96-9a85-a6e23a8c635c;.NET 8.0;False;True;False;True;Default;Default;False;False;False;Default;Default;Default;Default;Default;Default;Default;Default;30;Default;Default;Default;Default;Default;Default;Default;Default;16;Default;6040;"257,131.8 ns";"2,482.13 ns";"3,638.27 ns";"257,858.9 ns";+6%;1.8%;110.8398;110.8398;110.8398;462987 B;+136%
Dictionary;Job-DJTJZX;False;Default;Default;Default;Default;Default;Default;11111111;Empty;RyuJit;Default;X64;8c5e7fda-e8bf-4a96-9a85-a6e23a8c635c;.NET 8.0;False;True;False;True;Default;Default;False;False;False;Default;Default;Default;Default;Default;Default;Default;Default;30;Default;Default;Default;Default;Default;Default;Default;Default;16;Default;6400;"256,302.2 ns";"2,390.71 ns";"3,578.30 ns";"256,171.7 ns";baseline;;52.2461;52.2461;52.2461;196531 B;
FrozenDictionary;Job-DJTJZX;False;Default;Default;Default;Default;Default;Default;11111111;Empty;RyuJit;Default;X64;8c5e7fda-e8bf-4a96-9a85-a6e23a8c635c;.NET 8.0;False;True;False;True;Default;Default;False;False;False;Default;Default;Default;Default;Default;Default;Default;Default;30;Default;Default;Default;Default;Default;Default;Default;Default;16;Default;6400;"417,823.6 ns";"3,791.44 ns";"5,674.85 ns";"418,488.1 ns";+63%;2.1%;119.6289;119.6289;119.6289;492657 B;+151%
Dictionary;Job-DJTJZX;False;Default;Default;Default;Default;Default;Default;11111111;Empty;RyuJit;Default;X64;8c5e7fda-e8bf-4a96-9a85-a6e23a8c635c;.NET 8.0;False;True;False;True;Default;Default;False;False;False;Default;Default;Default;Default;Default;Default;Default;Default;30;Default;Default;Default;Default;Default;Default;Default;Default;16;Default;6760;"265,514.1 ns";"3,457.47 ns";"5,174.98 ns";"266,694.7 ns";baseline;;52.2461;52.2461;52.2461;196531 B;
FrozenDictionary;Job-DJTJZX;False;Default;Default;Default;Default;Default;Default;11111111;Empty;RyuJit;Default;X64;8c5e7fda-e8bf-4a96-9a85-a6e23a8c635c;.NET 8.0;False;True;False;True;Default;Default;False;False;False;Default;Default;Default;Default;Default;Default;Default;Default;30;Default;Default;Default;Default;Default;Default;Default;Default;16;Default;6760;"600,152.4 ns";"6,396.06 ns";"9,573.32 ns";"600,614.7 ns";+126%;2.6%;124.0234;124.0234;124.0234;502740 B;+156%
Dictionary;Job-DJTJZX;False;Default;Default;Default;Default;Default;Default;11111111;Empty;RyuJit;Default;X64;8c5e7fda-e8bf-4a96-9a85-a6e23a8c635c;.NET 8.0;False;True;False;True;Default;Default;False;False;False;Default;Default;Default;Default;Default;Default;Default;Default;30;Default;Default;Default;Default;Default;Default;Default;Default;16;Default;7120;"285,299.9 ns";"2,443.73 ns";"3,657.66 ns";"285,478.8 ns";baseline;;62.0117;62.0117;62.0117;235906 B;
FrozenDictionary;Job-DJTJZX;False;Default;Default;Default;Default;Default;Default;11111111;Empty;RyuJit;Default;X64;8c5e7fda-e8bf-4a96-9a85-a6e23a8c635c;.NET 8.0;False;True;False;True;Default;Default;False;False;False;Default;Default;Default;Default;Default;Default;Default;Default;30;Default;Default;Default;Default;Default;Default;Default;Default;16;Default;7120;"526,769.3 ns";"5,743.26 ns";"8,418.39 ns";"528,318.2 ns";+85%;1.7%;132.8125;132.8125;132.8125;552194 B;+134%
Dictionary;Job-DJTJZX;False;Default;Default;Default;Default;Default;Default;11111111;Empty;RyuJit;Default;X64;8c5e7fda-e8bf-4a96-9a85-a6e23a8c635c;.NET 8.0;False;True;False;True;Default;Default;False;False;False;Default;Default;Default;Default;Default;Default;Default;Default;30;Default;Default;Default;Default;Default;Default;Default;Default;16;Default;7480;"298,237.0 ns";"3,051.52 ns";"4,176.96 ns";"298,036.9 ns";baseline;;62.0117;62.0117;62.0117;235906 B;
FrozenDictionary;Job-DJTJZX;False;Default;Default;Default;Default;Default;Default;11111111;Empty;RyuJit;Default;X64;8c5e7fda-e8bf-4a96-9a85-a6e23a8c635c;.NET 8.0;False;True;False;True;Default;Default;False;False;False;Default;Default;Default;Default;Default;Default;Default;Default;30;Default;Default;Default;Default;Default;Default;Default;Default;16;Default;7480;"669,771.7 ns";"7,164.68 ns";"10,501.89 ns";"668,335.7 ns";+125%;1.6%;142.5781;142.5781;142.5781;585705 B;+148%
Dictionary;Job-DJTJZX;False;Default;Default;Default;Default;Default;Default;11111111;Empty;RyuJit;Default;X64;8c5e7fda-e8bf-4a96-9a85-a6e23a8c635c;.NET 8.0;False;True;False;True;Default;Default;False;False;False;Default;Default;Default;Default;Default;Default;Default;Default;30;Default;Default;Default;Default;Default;Default;Default;Default;16;Default;7840;"311,993.6 ns";"3,045.07 ns";"4,463.42 ns";"311,264.7 ns";baseline;;62.0117;62.0117;62.0117;235906 B;
FrozenDictionary;Job-DJTJZX;False;Default;Default;Default;Default;Default;Default;11111111;Empty;RyuJit;Default;X64;8c5e7fda-e8bf-4a96-9a85-a6e23a8c635c;.NET 8.0;False;True;False;True;Default;Default;False;False;False;Default;Default;Default;Default;Default;Default;Default;Default;30;Default;Default;Default;Default;Default;Default;Default;Default;16;Default;7840;"712,119.8 ns";"4,239.46 ns";"6,345.43 ns";"713,777.1 ns";+128%;1.8%;142.5781;142.5781;142.5781;595785 B;+153%
Dictionary;Job-DJTJZX;False;Default;Default;Default;Default;Default;Default;11111111;Empty;RyuJit;Default;X64;8c5e7fda-e8bf-4a96-9a85-a6e23a8c635c;.NET 8.0;False;True;False;True;Default;Default;False;False;False;Default;Default;Default;Default;Default;Default;Default;Default;30;Default;Default;Default;Default;Default;Default;Default;Default;16;Default;8200;"319,374.5 ns";"4,014.96 ns";"6,009.40 ns";"321,182.4 ns";baseline;;62.0117;62.0117;62.0117;235906 B;
FrozenDictionary;Job-DJTJZX;False;Default;Default;Default;Default;Default;Default;11111111;Empty;RyuJit;Default;X64;8c5e7fda-e8bf-4a96-9a85-a6e23a8c635c;.NET 8.0;False;True;False;True;Default;Default;False;False;False;Default;Default;Default;Default;Default;Default;Default;Default;30;Default;Default;Default;Default;Default;Default;Default;Default;16;Default;8200;"357,127.7 ns";"4,395.11 ns";"6,161.33 ns";"358,981.0 ns";+12%;2.9%;142.5781;142.5781;142.5781;605864 B;+157%
Dictionary;Job-DJTJZX;False;Default;Default;Default;Default;Default;Default;11111111;Empty;RyuJit;Default;X64;8c5e7fda-e8bf-4a96-9a85-a6e23a8c635c;.NET 8.0;False;True;False;True;Default;Default;False;False;False;Default;Default;Default;Default;Default;Default;Default;Default;30;Default;Default;Default;Default;Default;Default;Default;Default;16;Default;8560;"336,142.2 ns";"4,492.57 ns";"6,724.26 ns";"335,486.6 ns";baseline;;76.6602;76.6602;76.6602;283068 B;
FrozenDictionary;Job-DJTJZX;False;Default;Default;Default;Default;Default;Default;11111111;Empty;RyuJit;Default;X64;8c5e7fda-e8bf-4a96-9a85-a6e23a8c635c;.NET 8.0;False;True;False;True;Default;Default;False;False;False;Default;Default;Default;Default;Default;Default;Default;Default;30;Default;Default;Default;Default;Default;Default;Default;Default;16;Default;8560;"594,351.4 ns";"3,563.09 ns";"5,333.06 ns";"594,177.2 ns";+77%;2.0%;157.2266;157.2266;157.2266;663106 B;+134%
Dictionary;Job-DJTJZX;False;Default;Default;Default;Default;Default;Default;11111111;Empty;RyuJit;Default;X64;8c5e7fda-e8bf-4a96-9a85-a6e23a8c635c;.NET 8.0;False;True;False;True;Default;Default;False;False;False;Default;Default;Default;Default;Default;Default;Default;Default;30;Default;Default;Default;Default;Default;Default;Default;Default;16;Default;8920;"354,568.0 ns";"2,800.06 ns";"4,191.00 ns";"354,861.1 ns";baseline;;76.6602;76.6602;76.6602;283068 B;
FrozenDictionary;Job-DJTJZX;False;Default;Default;Default;Default;Default;Default;11111111;Empty;RyuJit;Default;X64;8c5e7fda-e8bf-4a96-9a85-a6e23a8c635c;.NET 8.0;False;True;False;True;Default;Default;False;False;False;Default;Default;Default;Default;Default;Default;Default;Default;30;Default;Default;Default;Default;Default;Default;Default;Default;16;Default;8920;"407,180.8 ns";"8,193.79 ns";"12,264.08 ns";"400,845.5 ns";+15%;3.1%;166.5039;166.5039;166.5039;701224 B;+148%
Dictionary;Job-DJTJZX;False;Default;Default;Default;Default;Default;Default;11111111;Empty;RyuJit;Default;X64;8c5e7fda-e8bf-4a96-9a85-a6e23a8c635c;.NET 8.0;False;True;False;True;Default;Default;False;False;False;Default;Default;Default;Default;Default;Default;Default;Default;30;Default;Default;Default;Default;Default;Default;Default;Default;16;Default;9280;"361,621.0 ns";"4,022.95 ns";"5,896.78 ns";"363,046.1 ns";baseline;;76.6602;76.6602;76.6602;283068 B;
FrozenDictionary;Job-DJTJZX;False;Default;Default;Default;Default;Default;Default;11111111;Empty;RyuJit;Default;X64;8c5e7fda-e8bf-4a96-9a85-a6e23a8c635c;.NET 8.0;False;True;False;True;Default;Default;False;False;False;Default;Default;Default;Default;Default;Default;Default;Default;30;Default;Default;Default;Default;Default;Default;Default;Default;16;Default;9280;"415,978.5 ns";"3,512.07 ns";"4,923.43 ns";"417,351.4 ns";+15%;2.2%;166.5039;166.5039;166.5039;711304 B;+151%
Dictionary;Job-DJTJZX;False;Default;Default;Default;Default;Default;Default;11111111;Empty;RyuJit;Default;X64;8c5e7fda-e8bf-4a96-9a85-a6e23a8c635c;.NET 8.0;False;True;False;True;Default;Default;False;False;False;Default;Default;Default;Default;Default;Default;Default;Default;30;Default;Default;Default;Default;Default;Default;Default;Default;16;Default;9640;"379,172.6 ns";"5,398.33 ns";"7,742.12 ns";"379,536.2 ns";baseline;;76.6602;76.6602;76.6602;283068 B;
FrozenDictionary;Job-DJTJZX;False;Default;Default;Default;Default;Default;Default;11111111;Empty;RyuJit;Default;X64;8c5e7fda-e8bf-4a96-9a85-a6e23a8c635c;.NET 8.0;False;True;False;True;Default;Default;False;False;False;Default;Default;Default;Default;Default;Default;Default;Default;30;Default;Default;Default;Default;Default;Default;Default;Default;16;Default;9640;"648,309.2 ns";"4,735.61 ns";"7,088.04 ns";"648,829.3 ns";+71%;2.1%;175.7813;175.7813;175.7813;721391 B;+155%
Dictionary;Job-DJTJZX;False;Default;Default;Default;Default;Default;Default;11111111;Empty;RyuJit;Default;X64;8c5e7fda-e8bf-4a96-9a85-a6e23a8c635c;.NET 8.0;False;True;False;True;Default;Default;False;False;False;Default;Default;Default;Default;Default;Default;Default;Default;30;Default;Default;Default;Default;Default;Default;Default;Default;16;Default;10000;"385,126.9 ns";"4,525.24 ns";"6,633.04 ns";"385,604.9 ns";baseline;;76.6602;76.6602;76.6602;283068 B;
FrozenDictionary;Job-DJTJZX;False;Default;Default;Default;Default;Default;Default;11111111;Empty;RyuJit;Default;X64;8c5e7fda-e8bf-4a96-9a85-a6e23a8c635c;.NET 8.0;False;True;False;True;Default;Default;False;False;False;Default;Default;Default;Default;Default;Default;Default;Default;30;Default;Default;Default;Default;Default;Default;Default;Default;16;Default;10000;"662,329.5 ns";"5,539.99 ns";"8,292.00 ns";"662,671.9 ns";+72%;2.6%;175.7813;175.7813;175.7813;731471 B;+158%
Dictionary;Job-DJTJZX;False;Default;Default;Default;Default;Default;Default;11111111;Empty;RyuJit;Default;X64;8c5e7fda-e8bf-4a96-9a85-a6e23a8c635c;.NET 8.0;False;True;False;True;Default;Default;False;False;False;Default;Default;Default;Default;Default;Default;Default;Default;30;Default;Default;Default;Default;Default;Default;Default;Default;16;Default;13600;"531,709.0 ns";"6,337.69 ns";"9,485.96 ns";"532,246.7 ns";baseline;;110.3516;110.3516;110.3516;408755 B;
FrozenDictionary;Job-DJTJZX;False;Default;Default;Default;Default;Default;Default;11111111;Empty;RyuJit;Default;X64;8c5e7fda-e8bf-4a96-9a85-a6e23a8c635c;.NET 8.0;False;True;False;True;Default;Default;False;False;False;Default;Default;Default;Default;Default;Default;Default;Default;30;Default;Default;Default;Default;Default;Default;Default;Default;16;Default;13600;"820,361.6 ns";"8,931.04 ns";"13,091.00 ns";"818,965.6 ns";+54%;2.3%;234.3750;184.5703;181.6406;1033335 B;+153%
Dictionary;Job-DJTJZX;False;Default;Default;Default;Default;Default;Default;11111111;Empty;RyuJit;Default;X64;8c5e7fda-e8bf-4a96-9a85-a6e23a8c635c;.NET 8.0;False;True;False;True;Default;Default;False;False;False;Default;Default;Default;Default;Default;Default;Default;Default;30;Default;Default;Default;Default;Default;Default;Default;Default;16;Default;17200;"666,857.6 ns";"5,434.99 ns";"7,619.09 ns";"668,378.0 ns";baseline;;124.0234;124.0234;124.0234;490748 B;
FrozenDictionary;Job-DJTJZX;False;Default;Default;Default;Default;Default;Default;11111111;Empty;RyuJit;Default;X64;8c5e7fda-e8bf-4a96-9a85-a6e23a8c635c;.NET 8.0;False;True;False;True;Default;Default;False;False;False;Default;Default;Default;Default;Default;Default;Default;Default;30;Default;Default;Default;Default;Default;Default;Default;Default;16;Default;17200;"1,544,332.5 ns";"14,682.64 ns";"21,976.29 ns";"1,545,117.0 ns";+132%;1.9%;332.0313;332.0313;332.0313;1263465 B;+157%
Dictionary;Job-DJTJZX;False;Default;Default;Default;Default;Default;Default;11111111;Empty;RyuJit;Default;X64;8c5e7fda-e8bf-4a96-9a85-a6e23a8c635c;.NET 8.0;False;True;False;True;Default;Default;False;False;False;Default;Default;Default;Default;Default;Default;Default;Default;30;Default;Default;Default;Default;Default;Default;Default;Default;16;Default;20800;"787,560.9 ns";"6,110.71 ns";"7,728.09 ns";"787,989.8 ns";baseline;;142.5781;142.5781;142.5781;588873 B;
FrozenDictionary;Job-DJTJZX;False;Default;Default;Default;Default;Default;Default;11111111;Empty;RyuJit;Default;X64;8c5e7fda-e8bf-4a96-9a85-a6e23a8c635c;.NET 8.0;False;True;False;True;Default;Default;False;False;False;Default;Default;Default;Default;Default;Default;Default;Default;30;Default;Default;Default;Default;Default;Default;Default;Default;16;Default;20800;"1,282,278.1 ns";"18,653.10 ns";"27,919.09 ns";"1,275,095.9 ns";+63%;2.3%;332.0313;281.2500;255.8594;1522408 B;+159%
Dictionary;Job-DJTJZX;False;Default;Default;Default;Default;Default;Default;11111111;Empty;RyuJit;Default;X64;8c5e7fda-e8bf-4a96-9a85-a6e23a8c635c;.NET 8.0;False;True;False;True;Default;Default;False;False;False;Default;Default;Default;Default;Default;Default;Default;Default;30;Default;Default;Default;Default;Default;Default;Default;Default;16;Default;24400;"508,977.6 ns";"7,150.06 ns";"10,701.88 ns";"508,163.3 ns";baseline;;106.4453;105.4688;105.4688;707251 B;
FrozenDictionary;Job-DJTJZX;False;Default;Default;Default;Default;Default;Default;11111111;Empty;RyuJit;Default;X64;8c5e7fda-e8bf-4a96-9a85-a6e23a8c635c;.NET 8.0;False;True;False;True;Default;Default;False;False;False;Default;Default;Default;Default;Default;Default;Default;Default;30;Default;Default;Default;Default;Default;Default;Default;Default;16;Default;24400;"1,581,057.5 ns";"18,368.09 ns";"26,923.71 ns";"1,580,686.5 ns";+211%;2.5%;320.3125;318.3594;318.3594;1811341 B;+156%
Dictionary;Job-DJTJZX;False;Default;Default;Default;Default;Default;Default;11111111;Empty;RyuJit;Default;X64;8c5e7fda-e8bf-4a96-9a85-a6e23a8c635c;.NET 8.0;False;True;False;True;Default;Default;False;False;False;Default;Default;Default;Default;Default;Default;Default;Default;30;Default;Default;Default;Default;Default;Default;Default;Default;16;Default;28000;"609,778.3 ns";"5,440.35 ns";"7,974.40 ns";"609,981.5 ns";baseline;;118.1641;117.1875;117.1875;849211 B;
FrozenDictionary;Job-DJTJZX;False;Default;Default;Default;Default;Default;Default;11111111;Empty;RyuJit;Default;X64;8c5e7fda-e8bf-4a96-9a85-a6e23a8c635c;.NET 8.0;False;True;False;True;Default;Default;False;False;False;Default;Default;Default;Default;Default;Default;Default;Default;30;Default;Default;Default;Default;Default;Default;Default;Default;16;Default;28000;"1,826,398.0 ns";"21,994.84 ns";"31,544.35 ns";"1,831,376.8 ns";+200%;2.2%;335.9375;333.9844;333.9844;2137843 B;+152%
Dictionary;Job-DJTJZX;False;Default;Default;Default;Default;Default;Default;11111111;Empty;RyuJit;Default;X64;8c5e7fda-e8bf-4a96-9a85-a6e23a8c635c;.NET 8.0;False;True;False;True;Default;Default;False;False;False;Default;Default;Default;Default;Default;Default;Default;Default;30;Default;Default;Default;Default;Default;Default;Default;Default;16;Default;31600;"735,663.3 ns";"12,705.48 ns";"18,623.53 ns";"733,384.4 ns";baseline;;138.6719;137.6953;137.6953;1019103 B;
FrozenDictionary;Job-DJTJZX;False;Default;Default;Default;Default;Default;Default;11111111;Empty;RyuJit;Default;X64;8c5e7fda-e8bf-4a96-9a85-a6e23a8c635c;.NET 8.0;False;True;False;True;Default;Default;False;False;False;Default;Default;Default;Default;Default;Default;Default;Default;30;Default;Default;Default;Default;Default;Default;Default;Default;16;Default;31600;"2,383,316.8 ns";"33,807.62 ns";"49,554.76 ns";"2,383,815.0 ns";+224%;3.4%;363.2813;363.2813;363.2813;2509264 B;+146%
Dictionary;Job-DJTJZX;False;Default;Default;Default;Default;Default;Default;11111111;Empty;RyuJit;Default;X64;8c5e7fda-e8bf-4a96-9a85-a6e23a8c635c;.NET 8.0;False;True;False;True;Default;Default;False;False;False;Default;Default;Default;Default;Default;Default;Default;Default;30;Default;Default;Default;Default;Default;Default;Default;Default;16;Default;35200;"802,104.9 ns";"6,346.00 ns";"9,101.24 ns";"801,469.1 ns";baseline;;142.5781;141.6016;141.6016;1019122 B;
FrozenDictionary;Job-DJTJZX;False;Default;Default;Default;Default;Default;Default;11111111;Empty;RyuJit;Default;X64;8c5e7fda-e8bf-4a96-9a85-a6e23a8c635c;.NET 8.0;False;True;False;True;Default;Default;False;False;False;Default;Default;Default;Default;Default;Default;Default;Default;30;Default;Default;Default;Default;Default;Default;Default;Default;16;Default;35200;"2,640,492.9 ns";"50,717.62 ns";"72,737.70 ns";"2,659,025.8 ns";+229%;3.3%;378.9063;378.9063;378.9063;2610267 B;+156%
Dictionary;Job-DJTJZX;False;Default;Default;Default;Default;Default;Default;11111111;Empty;RyuJit;Default;X64;8c5e7fda-e8bf-4a96-9a85-a6e23a8c635c;.NET 8.0;False;True;False;True;Default;Default;False;False;False;Default;Default;Default;Default;Default;Default;Default;Default;30;Default;Default;Default;Default;Default;Default;Default;Default;16;Default;38800;"1,166,925.6 ns";"269,247.34 ns";"402,996.74 ns";"915,599.6 ns";baseline;;333.0078;333.0078;333.0078;1221912 B;
FrozenDictionary;Job-DJTJZX;False;Default;Default;Default;Default;Default;Default;11111111;Empty;RyuJit;Default;X64;8c5e7fda-e8bf-4a96-9a85-a6e23a8c635c;.NET 8.0;False;True;False;True;Default;Default;False;False;False;Default;Default;Default;Default;Default;Default;Default;Default;30;Default;Default;Default;Default;Default;Default;Default;Default;16;Default;38800;"3,369,023.6 ns";"82,788.05 ns";"121,349.65 ns";"3,373,415.6 ns";+222%;26.3%;347.6563;347.6563;347.6563;3035245 B;+148%
Dictionary;Job-DJTJZX;False;Default;Default;Default;Default;Default;Default;11111111;Empty;RyuJit;Default;X64;8c5e7fda-e8bf-4a96-9a85-a6e23a8c635c;.NET 8.0;False;True;False;True;Default;Default;False;False;False;Default;Default;Default;Default;Default;Default;Default;Default;30;Default;Default;Default;Default;Default;Default;Default;Default;16;Default;42400;"1,211,122.2 ns";"315,901.42 ns";"472,826.37 ns";"919,079.9 ns";baseline;;333.0078;333.0078;333.0078;1221912 B;
FrozenDictionary;Job-DJTJZX;False;Default;Default;Default;Default;Default;Default;11111111;Empty;RyuJit;Default;X64;8c5e7fda-e8bf-4a96-9a85-a6e23a8c635c;.NET 8.0;False;True;False;True;Default;Default;False;False;False;Default;Default;Default;Default;Default;Default;Default;Default;30;Default;Default;Default;Default;Default;Default;Default;Default;16;Default;42400;"3,677,376.4 ns";"131,491.33 ns";"192,738.29 ns";"3,707,841.4 ns";+245%;27.9%;265.6250;265.6250;265.6250;3135085 B;+157%
Dictionary;Job-DJTJZX;False;Default;Default;Default;Default;Default;Default;11111111;Empty;RyuJit;Default;X64;8c5e7fda-e8bf-4a96-9a85-a6e23a8c635c;.NET 8.0;False;True;False;True;Default;Default;False;False;False;Default;Default;Default;Default;Default;Default;Default;Default;30;Default;Default;Default;Default;Default;Default;Default;Default;16;Default;46000;"1,006,868.6 ns";"24,806.77 ns";"37,129.61 ns";"1,004,199.6 ns";baseline;;148.4375;148.4375;148.4375;1467391 B;
FrozenDictionary;Job-DJTJZX;False;Default;Default;Default;Default;Default;Default;11111111;Empty;RyuJit;Default;X64;8c5e7fda-e8bf-4a96-9a85-a6e23a8c635c;.NET 8.0;False;True;False;True;Default;Default;False;False;False;Default;Default;Default;Default;Default;Default;Default;Default;30;Default;Default;Default;Default;Default;Default;Default;Default;16;Default;46000;"4,244,912.1 ns";"143,948.08 ns";"215,454.71 ns";"4,271,178.1 ns";+322%;6.9%;328.1250;328.1250;328.1250;3625955 B;+147%
Dictionary;Job-DJTJZX;False;Default;Default;Default;Default;Default;Default;11111111;Empty;RyuJit;Default;X64;8c5e7fda-e8bf-4a96-9a85-a6e23a8c635c;.NET 8.0;False;True;False;True;Default;Default;False;False;False;Default;Default;Default;Default;Default;Default;Default;Default;30;Default;Default;Default;Default;Default;Default;Default;Default;16;Default;49600;"1,093,757.4 ns";"20,100.69 ns";"30,085.76 ns";"1,091,958.0 ns";baseline;;150.3906;150.3906;150.3906;1467405 B;
FrozenDictionary;Job-DJTJZX;False;Default;Default;Default;Default;Default;Default;11111111;Empty;RyuJit;Default;X64;8c5e7fda-e8bf-4a96-9a85-a6e23a8c635c;.NET 8.0;False;True;False;True;Default;Default;False;False;False;Default;Default;Default;Default;Default;Default;Default;Default;30;Default;Default;Default;Default;Default;Default;Default;Default;16;Default;49600;"4,602,962.7 ns";"114,019.09 ns";"163,522.78 ns";"4,618,337.1 ns";+320%;4.2%;343.7500;343.7500;343.7500;3726875 B;+154%
Dictionary;Job-DJTJZX;False;Default;Default;Default;Default;Default;Default;11111111;Empty;RyuJit;Default;X64;8c5e7fda-e8bf-4a96-9a85-a6e23a8c635c;.NET 8.0;False;True;False;True;Default;Default;False;False;False;Default;Default;Default;Default;Default;Default;Default;Default;30;Default;Default;Default;Default;Default;Default;Default;Default;16;Default;53200;"1,317,276.6 ns";"26,249.97 ns";"39,289.72 ns";"1,310,691.3 ns";baseline;;171.8750;171.8750;171.8750;1761347 B;
FrozenDictionary;Job-DJTJZX;False;Default;Default;Default;Default;Default;Default;11111111;Empty;RyuJit;Default;X64;8c5e7fda-e8bf-4a96-9a85-a6e23a8c635c;.NET 8.0;False;True;False;True;Default;Default;False;False;False;Default;Default;Default;Default;Default;Default;Default;Default;30;Default;Default;Default;Default;Default;Default;Default;Default;16;Default;53200;"5,143,120.3 ns";"143,163.57 ns";"209,847.30 ns";"5,150,093.8 ns";+291%;3.9%;328.1250;328.1250;328.1250;4121091 B;+134%
Dictionary;Job-DJTJZX;False;Default;Default;Default;Default;Default;Default;11111111;Empty;RyuJit;Default;X64;8c5e7fda-e8bf-4a96-9a85-a6e23a8c635c;.NET 8.0;False;True;False;True;Default;Default;False;False;False;Default;Default;Default;Default;Default;Default;Default;Default;30;Default;Default;Default;Default;Default;Default;Default;Default;16;Default;56800;"1,372,343.8 ns";"30,235.05 ns";"45,254.40 ns";"1,372,447.6 ns";baseline;;173.8281;173.8281;173.8281;1761266 B;
FrozenDictionary;Job-DJTJZX;False;Default;Default;Default;Default;Default;Default;11111111;Empty;RyuJit;Default;X64;8c5e7fda-e8bf-4a96-9a85-a6e23a8c635c;.NET 8.0;False;True;False;True;Default;Default;False;False;False;Default;Default;Default;Default;Default;Default;Default;Default;30;Default;Default;Default;Default;Default;Default;Default;Default;16;Default;56800;"5,571,995.7 ns";"137,159.22 ns";"205,293.46 ns";"5,588,810.2 ns";+306%;4.7%;359.3750;359.3750;359.3750;4396068 B;+150%
Dictionary;Job-DJTJZX;False;Default;Default;Default;Default;Default;Default;11111111;Empty;RyuJit;Default;X64;8c5e7fda-e8bf-4a96-9a85-a6e23a8c635c;.NET 8.0;False;True;False;True;Default;Default;False;False;False;Default;Default;Default;Default;Default;Default;Default;Default;30;Default;Default;Default;Default;Default;Default;Default;Default;16;Default;60400;"1,609,301.0 ns";"31,980.69 ns";"45,865.75 ns";"1,604,729.6 ns";baseline;;498.0469;498.0469;498.0469;1760296 B;
FrozenDictionary;Job-DJTJZX;False;Default;Default;Default;Default;Default;Default;11111111;Empty;RyuJit;Default;X64;8c5e7fda-e8bf-4a96-9a85-a6e23a8c635c;.NET 8.0;False;True;False;True;Default;Default;False;False;False;Default;Default;Default;Default;Default;Default;Default;Default;30;Default;Default;Default;Default;Default;Default;Default;Default;16;Default;60400;"5,600,347.7 ns";"113,380.42 ns";"169,702.48 ns";"5,605,255.9 ns";+249%;4.2%;281.2500;281.2500;281.2500;4495930 B;+155%
Dictionary;Job-DJTJZX;False;Default;Default;Default;Default;Default;Default;11111111;Empty;RyuJit;Default;X64;8c5e7fda-e8bf-4a96-9a85-a6e23a8c635c;.NET 8.0;False;True;False;True;Default;Default;False;False;False;Default;Default;Default;Default;Default;Default;Default;Default;30;Default;Default;Default;Default;Default;Default;Default;Default;16;Default;64000;"1,609,507.3 ns";"34,195.52 ns";"51,182.24 ns";"1,609,096.9 ns";baseline;;191.4063;191.4063;191.4063;2113749 B;
FrozenDictionary;Job-DJTJZX;False;Default;Default;Default;Default;Default;Default;11111111;Empty;RyuJit;Default;X64;8c5e7fda-e8bf-4a96-9a85-a6e23a8c635c;.NET 8.0;False;True;False;True;Default;Default;False;False;False;Default;Default;Default;Default;Default;Default;Default;Default;30;Default;Default;Default;Default;Default;Default;Default;Default;16;Default;64000;"5,911,765.8 ns";"209,610.23 ns";"307,243.96 ns";"5,842,573.4 ns";+267%;6.3%;312.5000;312.5000;312.5000;4949223 B;+134%
Dictionary;Job-DJTJZX;False;Default;Default;Default;Default;Default;Default;11111111;Empty;RyuJit;Default;X64;8c5e7fda-e8bf-4a96-9a85-a6e23a8c635c;.NET 8.0;False;True;False;True;Default;Default;False;False;False;Default;Default;Default;Default;Default;Default;Default;Default;30;Default;Default;Default;Default;Default;Default;Default;Default;16;Default;67600;"1,780,702.5 ns";"57,425.09 ns";"85,951.17 ns";"1,787,195.8 ns";baseline;;191.4063;191.4063;191.4063;2113749 B;
FrozenDictionary;Job-DJTJZX;False;Default;Default;Default;Default;Default;Default;11111111;Empty;RyuJit;Default;X64;8c5e7fda-e8bf-4a96-9a85-a6e23a8c635c;.NET 8.0;False;True;False;True;Default;Default;False;False;False;Default;Default;Default;Default;Default;Default;Default;Default;30;Default;Default;Default;Default;Default;Default;Default;Default;16;Default;67600;"6,304,541.2 ns";"159,927.87 ns";"239,372.50 ns";"6,345,052.7 ns";+255%;6.2%;351.5625;351.5625;351.5625;5259228 B;+149%
Dictionary;Job-DJTJZX;False;Default;Default;Default;Default;Default;Default;11111111;Empty;RyuJit;Default;X64;8c5e7fda-e8bf-4a96-9a85-a6e23a8c635c;.NET 8.0;False;True;False;True;Default;Default;False;False;False;Default;Default;Default;Default;Default;Default;Default;Default;30;Default;Default;Default;Default;Default;Default;Default;Default;16;Default;71200;"1,821,946.2 ns";"67,513.98 ns";"96,826.53 ns";"1,809,930.2 ns";baseline;;187.5000;187.5000;187.5000;2113750 B;
FrozenDictionary;Job-DJTJZX;False;Default;Default;Default;Default;Default;Default;11111111;Empty;RyuJit;Default;X64;8c5e7fda-e8bf-4a96-9a85-a6e23a8c635c;.NET 8.0;False;True;False;True;Default;Default;False;False;False;Default;Default;Default;Default;Default;Default;Default;Default;30;Default;Default;Default;Default;Default;Default;Default;Default;16;Default;71200;"6,509,571.7 ns";"176,704.44 ns";"264,482.88 ns";"6,462,882.0 ns";+259%;6.0%;390.6250;390.6250;390.6250;5360737 B;+154%
Dictionary;Job-DJTJZX;False;Default;Default;Default;Default;Default;Default;11111111;Empty;RyuJit;Default;X64;8c5e7fda-e8bf-4a96-9a85-a6e23a8c635c;.NET 8.0;False;True;False;True;Default;Default;False;False;False;Default;Default;Default;Default;Default;Default;Default;Default;30;Default;Default;Default;Default;Default;Default;Default;Default;16;Default;74800;"1,958,144.2 ns";"69,906.37 ns";"104,632.56 ns";"1,972,765.1 ns";baseline;;201.1719;199.2188;199.2188;2113753 B;
FrozenDictionary;Job-DJTJZX;False;Default;Default;Default;Default;Default;Default;11111111;Empty;RyuJit;Default;X64;8c5e7fda-e8bf-4a96-9a85-a6e23a8c635c;.NET 8.0;False;True;False;True;Default;Default;False;False;False;Default;Default;Default;Default;Default;Default;Default;Default;30;Default;Default;Default;Default;Default;Default;Default;Default;16;Default;74800;"7,030,429.6 ns";"212,179.42 ns";"317,580.17 ns";"7,035,046.1 ns";+260%;6.9%;390.6250;390.6250;390.6250;5460727 B;+158%
Dictionary;Job-DJTJZX;False;Default;Default;Default;Default;Default;Default;11111111;Empty;RyuJit;Default;X64;8c5e7fda-e8bf-4a96-9a85-a6e23a8c635c;.NET 8.0;False;True;False;True;Default;Default;False;False;False;Default;Default;Default;Default;Default;Default;Default;Default;30;Default;Default;Default;Default;Default;Default;Default;Default;16;Default;78400;"1,985,041.7 ns";"37,772.41 ns";"56,535.96 ns";"1,977,666.7 ns";baseline;;193.3594;193.3594;193.3594;2536377 B;
FrozenDictionary;Job-DJTJZX;False;Default;Default;Default;Default;Default;Default;11111111;Empty;RyuJit;Default;X64;8c5e7fda-e8bf-4a96-9a85-a6e23a8c635c;.NET 8.0;False;True;False;True;Default;Default;False;False;False;Default;Default;Default;Default;Default;Default;Default;Default;30;Default;Default;Default;Default;Default;Default;Default;Default;16;Default;78400;"7,300,930.7 ns";"222,200.35 ns";"332,579.02 ns";"7,373,658.6 ns";+268%;5.6%;406.2500;406.2500;406.2500;6235438 B;+146%
Dictionary;Job-DJTJZX;False;Default;Default;Default;Default;Default;Default;11111111;Empty;RyuJit;Default;X64;8c5e7fda-e8bf-4a96-9a85-a6e23a8c635c;.NET 8.0;False;True;False;True;Default;Default;False;False;False;Default;Default;Default;Default;Default;Default;Default;Default;30;Default;Default;Default;Default;Default;Default;Default;Default;16;Default;82000;"2,023,888.3 ns";"42,879.52 ns";"62,852.25 ns";"2,013,177.3 ns";baseline;;183.5938;183.5938;183.5938;2536271 B;
FrozenDictionary;Job-DJTJZX;False;Default;Default;Default;Default;Default;Default;11111111;Empty;RyuJit;Default;X64;8c5e7fda-e8bf-4a96-9a85-a6e23a8c635c;.NET 8.0;False;True;False;True;Default;Default;False;False;False;Default;Default;Default;Default;Default;Default;Default;Default;30;Default;Default;Default;Default;Default;Default;Default;Default;16;Default;82000;"7,286,259.3 ns";"215,862.00 ns";"316,407.72 ns";"7,313,146.9 ns";+260%;5.4%;343.7500;343.7500;343.7500;6335476 B;+150%
Dictionary;Job-DJTJZX;False;Default;Default;Default;Default;Default;Default;11111111;Empty;RyuJit;Default;X64;8c5e7fda-e8bf-4a96-9a85-a6e23a8c635c;.NET 8.0;False;True;False;True;Default;Default;False;False;False;Default;Default;Default;Default;Default;Default;Default;Default;30;Default;Default;Default;Default;Default;Default;Default;Default;16;Default;85600;"2,178,640.3 ns";"82,652.62 ns";"123,710.55 ns";"2,187,167.0 ns";baseline;;183.5938;183.5938;183.5938;2536244 B;
FrozenDictionary;Job-DJTJZX;False;Default;Default;Default;Default;Default;Default;11111111;Empty;RyuJit;Default;X64;8c5e7fda-e8bf-4a96-9a85-a6e23a8c635c;.NET 8.0;False;True;False;True;Default;Default;False;False;False;Default;Default;Default;Default;Default;Default;Default;Default;30;Default;Default;Default;Default;Default;Default;Default;Default;16;Default;85600;"7,587,567.7 ns";"252,202.91 ns";"377,485.44 ns";"7,601,050.8 ns";+249%;7.5%;359.3750;359.3750;359.3750;6436444 B;+154%
Dictionary;Job-DJTJZX;False;Default;Default;Default;Default;Default;Default;11111111;Empty;RyuJit;Default;X64;8c5e7fda-e8bf-4a96-9a85-a6e23a8c635c;.NET 8.0;False;True;False;True;Default;Default;False;False;False;Default;Default;Default;Default;Default;Default;Default;Default;30;Default;Default;Default;Default;Default;Default;Default;Default;16;Default;89200;"2,287,522.7 ns";"61,920.99 ns";"90,762.98 ns";"2,296,462.5 ns";baseline;;171.8750;171.8750;171.8750;2536072 B;
FrozenDictionary;Job-DJTJZX;False;Default;Default;Default;Default;Default;Default;11111111;Empty;RyuJit;Default;X64;8c5e7fda-e8bf-4a96-9a85-a6e23a8c635c;.NET 8.0;False;True;False;True;Default;Default;False;False;False;Default;Default;Default;Default;Default;Default;Default;Default;30;Default;Default;Default;Default;Default;Default;Default;Default;16;Default;89200;"7,957,955.0 ns";"255,460.42 ns";"374,450.58 ns";"7,914,689.1 ns";+248%;6.4%;359.3750;359.3750;359.3750;6536694 B;+158%
Dictionary;Job-DJTJZX;False;Default;Default;Default;Default;Default;Default;11111111;Empty;RyuJit;Default;X64;8c5e7fda-e8bf-4a96-9a85-a6e23a8c635c;.NET 8.0;False;True;False;True;Default;Default;False;False;False;Default;Default;Default;Default;Default;Default;Default;Default;30;Default;Default;Default;Default;Default;Default;Default;Default;16;Default;92800;"2,410,794.4 ns";"94,812.92 ns";"132,914.47 ns";"2,412,178.5 ns";baseline;;183.5938;183.5938;183.5938;3043325 B;
FrozenDictionary;Job-DJTJZX;False;Default;Default;Default;Default;Default;Default;11111111;Empty;RyuJit;Default;X64;8c5e7fda-e8bf-4a96-9a85-a6e23a8c635c;.NET 8.0;False;True;False;True;Default;Default;False;False;False;Default;Default;Default;Default;Default;Default;Default;Default;30;Default;Default;Default;Default;Default;Default;Default;Default;16;Default;92800;"8,273,513.6 ns";"279,670.47 ns";"418,597.59 ns";"8,216,040.6 ns";+243%;8.1%;390.6250;390.6250;390.6250;7145295 B;+135%
Dictionary;Job-DJTJZX;False;Default;Default;Default;Default;Default;Default;11111111;Empty;RyuJit;Default;X64;8c5e7fda-e8bf-4a96-9a85-a6e23a8c635c;.NET 8.0;False;True;False;True;Default;Default;False;False;False;Default;Default;Default;Default;Default;Default;Default;Default;30;Default;Default;Default;Default;Default;Default;Default;Default;16;Default;96400;"2,459,045.4 ns";"70,445.06 ns";"105,438.85 ns";"2,432,813.3 ns";baseline;;183.5938;183.5938;183.5938;3043289 B;
FrozenDictionary;Job-DJTJZX;False;Default;Default;Default;Default;Default;Default;11111111;Empty;RyuJit;Default;X64;8c5e7fda-e8bf-4a96-9a85-a6e23a8c635c;.NET 8.0;False;True;False;True;Default;Default;False;False;False;Default;Default;Default;Default;Default;Default;Default;Default;30;Default;Default;Default;Default;Default;Default;Default;Default;16;Default;96400;"8,076,773.9 ns";"251,656.56 ns";"368,874.92 ns";"8,107,732.8 ns";+228%;5.5%;453.1250;453.1250;453.1250;7547063 B;+148%
Dictionary;Job-DJTJZX;False;Default;Default;Default;Default;Default;Default;11111111;Empty;RyuJit;Default;X64;8c5e7fda-e8bf-4a96-9a85-a6e23a8c635c;.NET 8.0;False;True;False;True;Default;Default;False;False;False;Default;Default;Default;Default;Default;Default;Default;Default;30;Default;Default;Default;Default;Default;Default;Default;Default;16;Default;100000;"2,573,768.3 ns";"65,302.19 ns";"95,719.11 ns";"2,578,024.8 ns";baseline;;187.5000;187.5000;187.5000;3043296 B;
FrozenDictionary;Job-DJTJZX;False;Default;Default;Default;Default;Default;Default;11111111;Empty;RyuJit;Default;X64;8c5e7fda-e8bf-4a96-9a85-a6e23a8c635c;.NET 8.0;False;True;False;True;Default;Default;False;False;False;Default;Default;Default;Default;Default;Default;Default;Default;30;Default;Default;Default;Default;Default;Default;Default;Default;16;Default;100000;"8,103,099.0 ns";"281,368.75 ns";"403,530.65 ns";"8,048,560.9 ns";+215%;6.1%;375.0000;375.0000;375.0000;7646974 B;+151%
Dictionary;Job-DJTJZX;False;Default;Default;Default;Default;Default;Default;11111111;Empty;RyuJit;Default;X64;8c5e7fda-e8bf-4a96-9a85-a6e23a8c635c;.NET 8.0;False;True;False;True;Default;Default;False;False;False;Default;Default;Default;Default;Default;Default;Default;Default;30;Default;Default;Default;Default;Default;Default;Default;Default;16;Default;136000;"3,407,116.9 ns";"134,487.00 ns";"197,129.30 ns";"3,394,310.4 ns";baseline;;203.1250;203.1250;203.1250;4382055 B;
FrozenDictionary;Job-DJTJZX;False;Default;Default;Default;Default;Default;Default;11111111;Empty;RyuJit;Default;X64;8c5e7fda-e8bf-4a96-9a85-a6e23a8c635c;.NET 8.0;False;True;False;True;Default;Default;False;False;False;Default;Default;Default;Default;Default;Default;Default;Default;30;Default;Default;Default;Default;Default;Default;Default;Default;16;Default;136000;"12,054,939.8 ns";"462,054.06 ns";"691,580.77 ns";"12,087,857.8 ns";+254%;7.5%;406.2500;406.2500;406.2500;10787272 B;+146%
Dictionary;Job-DJTJZX;False;Default;Default;Default;Default;Default;Default;11111111;Empty;RyuJit;Default;X64;8c5e7fda-e8bf-4a96-9a85-a6e23a8c635c;.NET 8.0;False;True;False;True;Default;Default;False;False;False;Default;Default;Default;Default;Default;Default;Default;Default;30;Default;Default;Default;Default;Default;Default;Default;Default;16;Default;172000;"4,544,898.4 ns";"133,582.66 ns";"199,940.23 ns";"4,577,197.7 ns";baseline;;125.0000;125.0000;125.0000;5257737 B;
FrozenDictionary;Job-DJTJZX;False;Default;Default;Default;Default;Default;Default;11111111;Empty;RyuJit;Default;X64;8c5e7fda-e8bf-4a96-9a85-a6e23a8c635c;.NET 8.0;False;True;False;True;Default;Default;False;False;False;Default;Default;Default;Default;Default;Default;Default;Default;30;Default;Default;Default;Default;Default;Default;Default;Default;16;Default;172000;"15,549,444.2 ns";"476,793.21 ns";"713,641.62 ns";"15,562,471.9 ns";+243%;6.7%;406.2500;406.2500;406.2500;13191083 B;+151%
Dictionary;Job-DJTJZX;False;Default;Default;Default;Default;Default;Default;11111111;Empty;RyuJit;Default;X64;8c5e7fda-e8bf-4a96-9a85-a6e23a8c635c;.NET 8.0;False;True;False;True;Default;Default;False;False;False;Default;Default;Default;Default;Default;Default;Default;Default;30;Default;Default;Default;Default;Default;Default;Default;Default;16;Default;208000;"5,746,960.5 ns";"212,071.66 ns";"317,418.88 ns";"5,744,800.8 ns";baseline;;210.9375;210.9375;210.9375;6310298 B;
FrozenDictionary;Job-DJTJZX;False;Default;Default;Default;Default;Default;Default;11111111;Empty;RyuJit;Default;X64;8c5e7fda-e8bf-4a96-9a85-a6e23a8c635c;.NET 8.0;False;True;False;True;Default;Default;False;False;False;Default;Default;Default;Default;Default;Default;Default;Default;30;Default;Default;Default;Default;Default;Default;Default;Default;16;Default;208000;"14,696,109.9 ns";"420,059.94 ns";"560,767.95 ns";"14,746,334.4 ns";+157%;5.9%;281.2500;281.2500;281.2500;15871976 B;+152%
Dictionary;Job-DJTJZX;False;Default;Default;Default;Default;Default;Default;11111111;Empty;RyuJit;Default;X64;8c5e7fda-e8bf-4a96-9a85-a6e23a8c635c;.NET 8.0;False;True;False;True;Default;Default;False;False;False;Default;Default;Default;Default;Default;Default;Default;Default;30;Default;Default;Default;Default;Default;Default;Default;Default;16;Default;244000;"7,451,414.0 ns";"518,887.06 ns";"776,645.72 ns";"7,131,748.4 ns";baseline;;210.9375;210.9375;210.9375;7572144 B;
FrozenDictionary;Job-DJTJZX;False;Default;Default;Default;Default;Default;Default;11111111;Empty;RyuJit;Default;X64;8c5e7fda-e8bf-4a96-9a85-a6e23a8c635c;.NET 8.0;False;True;False;True;Default;Default;False;False;False;Default;Default;Default;Default;Default;Default;Default;Default;30;Default;Default;Default;Default;Default;Default;Default;Default;16;Default;244000;"19,756,245.7 ns";"656,690.39 ns";"982,903.26 ns";"20,092,356.2 ns";+167%;9.8%;406.2500;406.2500;406.2500;18890514 B;+149%
Dictionary;Job-DJTJZX;False;Default;Default;Default;Default;Default;Default;11111111;Empty;RyuJit;Default;X64;8c5e7fda-e8bf-4a96-9a85-a6e23a8c635c;.NET 8.0;False;True;False;True;Default;Default;False;False;False;Default;Default;Default;Default;Default;Default;Default;Default;30;Default;Default;Default;Default;Default;Default;Default;Default;16;Default;280000;"8,405,765.9 ns";"376,852.50 ns";"564,055.07 ns";"8,473,207.0 ns";baseline;;203.1250;203.1250;203.1250;9086347 B;
FrozenDictionary;Job-DJTJZX;False;Default;Default;Default;Default;Default;Default;11111111;Empty;RyuJit;Default;X64;8c5e7fda-e8bf-4a96-9a85-a6e23a8c635c;.NET 8.0;False;True;False;True;Default;Default;False;False;False;Default;Default;Default;Default;Default;Default;Default;Default;30;Default;Default;Default;Default;Default;Default;Default;Default;16;Default;280000;"21,857,563.4 ns";"759,006.47 ns";"1,112,541.84 ns";"21,881,095.3 ns";+162%;9.1%;312.5000;312.5000;312.5000;21412095 B;+136%
Dictionary;Job-DJTJZX;False;Default;Default;Default;Default;Default;Default;11111111;Empty;RyuJit;Default;X64;8c5e7fda-e8bf-4a96-9a85-a6e23a8c635c;.NET 8.0;False;True;False;True;Default;Default;False;False;False;Default;Default;Default;Default;Default;Default;Default;Default;30;Default;Default;Default;Default;Default;Default;Default;Default;16;Default;316000;"9,826,238.5 ns";"286,995.57 ns";"429,561.45 ns";"9,710,184.4 ns";baseline;;203.1250;203.1250;203.1250;9086473 B;
FrozenDictionary;Job-DJTJZX;False;Default;Default;Default;Default;Default;Default;11111111;Empty;RyuJit;Default;X64;8c5e7fda-e8bf-4a96-9a85-a6e23a8c635c;.NET 8.0;False;True;False;True;Default;Default;False;False;False;Default;Default;Default;Default;Default;Default;Default;Default;30;Default;Default;Default;Default;Default;Default;Default;Default;16;Default;316000;"24,253,686.7 ns";"770,995.72 ns";"1,130,115.53 ns";"24,501,393.8 ns";+147%;5.9%;468.7500;468.7500;468.7500;23318248 B;+157%
Dictionary;Job-DJTJZX;False;Default;Default;Default;Default;Default;Default;11111111;Empty;RyuJit;Default;X64;8c5e7fda-e8bf-4a96-9a85-a6e23a8c635c;.NET 8.0;False;True;False;True;Default;Default;False;False;False;Default;Default;Default;Default;Default;Default;Default;Default;30;Default;Default;Default;Default;Default;Default;Default;Default;16;Default;352000;"7,197,461.5 ns";"319,920.92 ns";"478,842.57 ns";"7,167,898.4 ns";baseline;;125.0000;125.0000;125.0000;10902725 B;
FrozenDictionary;Job-DJTJZX;False;Default;Default;Default;Default;Default;Default;11111111;Empty;RyuJit;Default;X64;8c5e7fda-e8bf-4a96-9a85-a6e23a8c635c;.NET 8.0;False;True;False;True;Default;Default;False;False;False;Default;Default;Default;Default;Default;Default;Default;Default;30;Default;Default;Default;Default;Default;Default;Default;Default;16;Default;352000;"25,327,837.3 ns";"1,080,253.76 ns";"1,616,872.97 ns";"25,748,834.4 ns";+253%;8.3%;468.7500;468.7500;468.7500;27220966 B;+150%
Dictionary;Job-DJTJZX;False;Default;Default;Default;Default;Default;Default;11111111;Empty;RyuJit;Default;X64;8c5e7fda-e8bf-4a96-9a85-a6e23a8c635c;.NET 8.0;False;True;False;True;Default;Default;False;False;False;Default;Default;Default;Default;Default;Default;Default;Default;30;Default;Default;Default;Default;Default;Default;Default;Default;16;Default;388000;"10,282,421.7 ns";"153,221.95 ns";"224,590.75 ns";"10,311,494.5 ns";baseline;;125.0000;125.0000;125.0000;10902722 B;
FrozenDictionary;Job-DJTJZX;False;Default;Default;Default;Default;Default;Default;11111111;Empty;RyuJit;Default;X64;8c5e7fda-e8bf-4a96-9a85-a6e23a8c635c;.NET 8.0;False;True;False;True;Default;Default;False;False;False;Default;Default;Default;Default;Default;Default;Default;Default;30;Default;Default;Default;Default;Default;Default;Default;Default;16;Default;388000;"32,285,507.5 ns";"1,092,496.56 ns";"1,635,197.41 ns";"32,348,131.2 ns";+214%;5.2%;437.5000;437.5000;437.5000;28228115 B;+159%
Dictionary;Job-DJTJZX;False;Default;Default;Default;Default;Default;Default;11111111;Empty;RyuJit;Default;X64;8c5e7fda-e8bf-4a96-9a85-a6e23a8c635c;.NET 8.0;False;True;False;True;Default;Default;False;False;False;Default;Default;Default;Default;Default;Default;Default;Default;30;Default;Default;Default;Default;Default;Default;Default;Default;16;Default;424000;"12,957,025.8 ns";"708,855.60 ns";"1,060,981.68 ns";"12,809,429.7 ns";baseline;;234.3750;234.3750;234.3750;13084504 B;
FrozenDictionary;Job-DJTJZX;False;Default;Default;Default;Default;Default;Default;11111111;Empty;RyuJit;Default;X64;8c5e7fda-e8bf-4a96-9a85-a6e23a8c635c;.NET 8.0;False;True;False;True;Default;Default;False;False;False;Default;Default;Default;Default;Default;Default;Default;Default;30;Default;Default;Default;Default;Default;Default;Default;Default;16;Default;424000;"34,543,556.5 ns";"1,316,250.67 ns";"1,970,102.03 ns";"34,217,828.1 ns";+168%;9.6%;312.5000;312.5000;312.5000;32708136 B;+150%
Dictionary;Job-DJTJZX;False;Default;Default;Default;Default;Default;Default;11111111;Empty;RyuJit;Default;X64;8c5e7fda-e8bf-4a96-9a85-a6e23a8c635c;.NET 8.0;False;True;False;True;Default;Default;False;False;False;Default;Default;Default;Default;Default;Default;Default;Default;30;Default;Default;Default;Default;Default;Default;Default;Default;16;Default;460000;"13,792,180.7 ns";"667,366.32 ns";"978,216.90 ns";"13,450,461.7 ns";baseline;;250.0000;250.0000;250.0000;13084740 B;
FrozenDictionary;Job-DJTJZX;False;Default;Default;Default;Default;Default;Default;11111111;Empty;RyuJit;Default;X64;8c5e7fda-e8bf-4a96-9a85-a6e23a8c635c;.NET 8.0;False;True;False;True;Default;Default;False;False;False;Default;Default;Default;Default;Default;Default;Default;Default;30;Default;Default;Default;Default;Default;Default;Default;Default;16;Default;460000;"34,201,806.9 ns";"1,900,464.92 ns";"2,844,526.40 ns";"34,908,765.6 ns";+150%;10.6%;375.0000;375.0000;375.0000;33715893 B;+158%
Dictionary;Job-DJTJZX;False;Default;Default;Default;Default;Default;Default;11111111;Empty;RyuJit;Default;X64;8c5e7fda-e8bf-4a96-9a85-a6e23a8c635c;.NET 8.0;False;True;False;True;Default;Default;False;False;False;Default;Default;Default;Default;Default;Default;Default;Default;30;Default;Default;Default;Default;Default;Default;Default;Default;16;Default;496000;"15,110,013.6 ns";"636,745.83 ns";"953,051.18 ns";"15,075,642.2 ns";baseline;;218.7500;218.7500;218.7500;15700974 B;
FrozenDictionary;Job-DJTJZX;False;Default;Default;Default;Default;Default;Default;11111111;Empty;RyuJit;Default;X64;8c5e7fda-e8bf-4a96-9a85-a6e23a8c635c;.NET 8.0;False;True;False;True;Default;Default;False;False;False;Default;Default;Default;Default;Default;Default;Default;Default;30;Default;Default;Default;Default;Default;Default;Default;Default;16;Default;496000;"40,350,057.7 ns";"1,968,656.54 ns";"2,946,592.41 ns";"41,283,003.1 ns";+168%;10.6%;500.0000;500.0000;500.0000;38892448 B;+148%
Dictionary;Job-DJTJZX;False;Default;Default;Default;Default;Default;Default;11111111;Empty;RyuJit;Default;X64;8c5e7fda-e8bf-4a96-9a85-a6e23a8c635c;.NET 8.0;False;True;False;True;Default;Default;False;False;False;Default;Default;Default;Default;Default;Default;Default;Default;30;Default;Default;Default;Default;Default;Default;Default;Default;16;Default;532000;"15,957,944.9 ns";"827,297.79 ns";"1,238,260.37 ns";"15,458,653.1 ns";baseline;;250.0000;250.0000;250.0000;15701532 B;
FrozenDictionary;Job-DJTJZX;False;Default;Default;Default;Default;Default;Default;11111111;Empty;RyuJit;Default;X64;8c5e7fda-e8bf-4a96-9a85-a6e23a8c635c;.NET 8.0;False;True;False;True;Default;Default;False;False;False;Default;Default;Default;Default;Default;Default;Default;Default;30;Default;Default;Default;Default;Default;Default;Default;Default;16;Default;532000;"38,891,012.9 ns";"1,797,857.62 ns";"2,690,948.63 ns";"38,594,412.5 ns";+145%;10.7%;312.5000;312.5000;312.5000;39898829 B;+154%
Dictionary;Job-DJTJZX;False;Default;Default;Default;Default;Default;Default;11111111;Empty;RyuJit;Default;X64;8c5e7fda-e8bf-4a96-9a85-a6e23a8c635c;.NET 8.0;False;True;False;True;Default;Default;False;False;False;Default;Default;Default;Default;Default;Default;Default;Default;30;Default;Default;Default;Default;Default;Default;Default;Default;16;Default;568000;"16,975,398.8 ns";"476,508.47 ns";"713,215.44 ns";"17,079,639.1 ns";baseline;;187.5000;187.5000;187.5000;18840266 B;
FrozenDictionary;Job-DJTJZX;False;Default;Default;Default;Default;Default;Default;11111111;Empty;RyuJit;Default;X64;8c5e7fda-e8bf-4a96-9a85-a6e23a8c635c;.NET 8.0;False;True;False;True;Default;Default;False;False;False;Default;Default;Default;Default;Default;Default;Default;Default;30;Default;Default;Default;Default;Default;Default;Default;Default;16;Default;568000;"44,932,604.8 ns";"1,429,000.84 ns";"2,138,861.17 ns";"45,079,555.6 ns";+165%;5.7%;444.4444;444.4444;444.4444;44048462 B;+134%
Dictionary;Job-DJTJZX;False;Default;Default;Default;Default;Default;Default;11111111;Empty;RyuJit;Default;X64;8c5e7fda-e8bf-4a96-9a85-a6e23a8c635c;.NET 8.0;False;True;False;True;Default;Default;False;False;False;Default;Default;Default;Default;Default;Default;Default;Default;30;Default;Default;Default;Default;Default;Default;Default;Default;16;Default;604000;"16,815,637.7 ns";"779,247.39 ns";"1,142,210.73 ns";"16,669,401.6 ns";baseline;;156.2500;156.2500;156.2500;18840164 B;
FrozenDictionary;Job-DJTJZX;False;Default;Default;Default;Default;Default;Default;11111111;Empty;RyuJit;Default;X64;8c5e7fda-e8bf-4a96-9a85-a6e23a8c635c;.NET 8.0;False;True;False;True;Default;Default;False;False;False;Default;Default;Default;Default;Default;Default;Default;Default;30;Default;Default;Default;Default;Default;Default;Default;Default;16;Default;604000;"56,991,820.7 ns";"1,319,867.17 ns";"1,934,644.18 ns";"57,096,062.5 ns";+240%;7.3%;500.0000;500.0000;500.0000;46916984 B;+149%
Dictionary;Job-DJTJZX;False;Default;Default;Default;Default;Default;Default;11111111;Empty;RyuJit;Default;X64;8c5e7fda-e8bf-4a96-9a85-a6e23a8c635c;.NET 8.0;False;True;False;True;Default;Default;False;False;False;Default;Default;Default;Default;Default;Default;Default;Default;30;Default;Default;Default;Default;Default;Default;Default;Default;16;Default;640000;"18,313,232.5 ns";"384,696.39 ns";"575,795.45 ns";"18,269,978.1 ns";baseline;;187.5000;187.5000;187.5000;18840816 B;
FrozenDictionary;Job-DJTJZX;False;Default;Default;Default;Default;Default;Default;11111111;Empty;RyuJit;Default;X64;8c5e7fda-e8bf-4a96-9a85-a6e23a8c635c;.NET 8.0;False;True;False;True;Default;Default;False;False;False;Default;Default;Default;Default;Default;Default;Default;Default;30;Default;Default;Default;Default;Default;Default;Default;Default;16;Default;640000;"50,499,944.8 ns";"2,273,261.08 ns";"3,402,510.15 ns";"50,488,311.1 ns";+176%;6.9%;444.4444;444.4444;444.4444;47924583 B;+154%
Dictionary;Job-DJTJZX;False;Default;Default;Default;Default;Default;Default;11111111;Empty;RyuJit;Default;X64;8c5e7fda-e8bf-4a96-9a85-a6e23a8c635c;.NET 8.0;False;True;False;True;Default;Default;False;False;False;Default;Default;Default;Default;Default;Default;Default;Default;30;Default;Default;Default;Default;Default;Default;Default;Default;16;Default;676000;"18,795,366.5 ns";"921,126.25 ns";"1,378,698.40 ns";"18,486,726.6 ns";baseline;;187.5000;187.5000;187.5000;22608317 B;
FrozenDictionary;Job-DJTJZX;False;Default;Default;Default;Default;Default;Default;11111111;Empty;RyuJit;Default;X64;8c5e7fda-e8bf-4a96-9a85-a6e23a8c635c;.NET 8.0;False;True;False;True;Default;Default;False;False;False;Default;Default;Default;Default;Default;Default;Default;Default;30;Default;Default;Default;Default;Default;Default;Default;Default;16;Default;676000;"56,920,626.7 ns";"966,009.81 ns";"1,445,878.00 ns";"56,916,268.8 ns";+205%;8.4%;500.0000;500.0000;500.0000;52701109 B;+133%
Dictionary;Job-DJTJZX;False;Default;Default;Default;Default;Default;Default;11111111;Empty;RyuJit;Default;X64;8c5e7fda-e8bf-4a96-9a85-a6e23a8c635c;.NET 8.0;False;True;False;True;Default;Default;False;False;False;Default;Default;Default;Default;Default;Default;Default;Default;30;Default;Default;Default;Default;Default;Default;Default;Default;16;Default;712000;"17,119,436.7 ns";"560,262.63 ns";"838,574.73 ns";"17,210,054.7 ns";baseline;;125.0000;125.0000;125.0000;22608022 B;
FrozenDictionary;Job-DJTJZX;False;Default;Default;Default;Default;Default;Default;11111111;Empty;RyuJit;Default;X64;8c5e7fda-e8bf-4a96-9a85-a6e23a8c635c;.NET 8.0;False;True;False;True;Default;Default;False;False;False;Default;Default;Default;Default;Default;Default;Default;Default;30;Default;Default;Default;Default;Default;Default;Default;Default;16;Default;712000;"53,724,185.6 ns";"3,001,261.05 ns";"4,492,146.23 ns";"53,762,261.1 ns";+214%;8.2%;444.4444;444.4444;444.4444;55939389 B;+147%
Dictionary;Job-DJTJZX;False;Default;Default;Default;Default;Default;Default;11111111;Empty;RyuJit;Default;X64;8c5e7fda-e8bf-4a96-9a85-a6e23a8c635c;.NET 8.0;False;True;False;True;Default;Default;False;False;False;Default;Default;Default;Default;Default;Default;Default;Default;30;Default;Default;Default;Default;Default;Default;Default;Default;16;Default;748000;"17,723,037.6 ns";"598,653.77 ns";"858,571.35 ns";"17,978,239.1 ns";baseline;;125.0000;125.0000;125.0000;22608024 B;
FrozenDictionary;Job-DJTJZX;False;Default;Default;Default;Default;Default;Default;11111111;Empty;RyuJit;Default;X64;8c5e7fda-e8bf-4a96-9a85-a6e23a8c635c;.NET 8.0;False;True;False;True;Default;Default;False;False;False;Default;Default;Default;Default;Default;Default;Default;Default;30;Default;Default;Default;Default;Default;Default;Default;Default;16;Default;748000;"63,262,209.2 ns";"3,974,653.00 ns";"5,949,073.46 ns";"65,172,243.8 ns";+256%;10.6%;250.0000;250.0000;250.0000;56947383 B;+152%
Dictionary;Job-DJTJZX;False;Default;Default;Default;Default;Default;Default;11111111;Empty;RyuJit;Default;X64;8c5e7fda-e8bf-4a96-9a85-a6e23a8c635c;.NET 8.0;False;True;False;True;Default;Default;False;False;False;Default;Default;Default;Default;Default;Default;Default;Default;30;Default;Default;Default;Default;Default;Default;Default;Default;16;Default;784000;"18,450,204.4 ns";"460,215.00 ns";"688,828.14 ns";"18,514,535.9 ns";baseline;;125.0000;125.0000;125.0000;22608024 B;
FrozenDictionary;Job-DJTJZX;False;Default;Default;Default;Default;Default;Default;11111111;Empty;RyuJit;Default;X64;8c5e7fda-e8bf-4a96-9a85-a6e23a8c635c;.NET 8.0;False;True;False;True;Default;Default;False;False;False;Default;Default;Default;Default;Default;Default;Default;Default;30;Default;Default;Default;Default;Default;Default;Default;Default;16;Default;784000;"62,521,828.1 ns";"1,424,348.69 ns";"2,087,791.84 ns";"62,804,128.6 ns";+239%;5.7%;285.7143;285.7143;285.7143;57955563 B;+156%
Dictionary;Job-DJTJZX;False;Default;Default;Default;Default;Default;Default;11111111;Empty;RyuJit;Default;X64;8c5e7fda-e8bf-4a96-9a85-a6e23a8c635c;.NET 8.0;False;True;False;True;Default;Default;False;False;False;Default;Default;Default;Default;Default;Default;Default;Default;30;Default;Default;Default;Default;Default;Default;Default;Default;16;Default;820000;"19,696,490.9 ns";"745,859.13 ns";"1,116,366.83 ns";"19,743,078.1 ns";baseline;;218.7500;218.7500;218.7500;27130973 B;
FrozenDictionary;Job-DJTJZX;False;Default;Default;Default;Default;Default;Default;11111111;Empty;RyuJit;Default;X64;8c5e7fda-e8bf-4a96-9a85-a6e23a8c635c;.NET 8.0;False;True;False;True;Default;Default;False;False;False;Default;Default;Default;Default;Default;Default;Default;Default;30;Default;Default;Default;Default;Default;Default;Default;Default;16;Default;820000;"58,724,366.8 ns";"2,564,362.93 ns";"3,758,809.94 ns";"58,926,537.5 ns";+200%;9.1%;125.0000;125.0000;125.0000;63485128 B;+134%
Dictionary;Job-DJTJZX;False;Default;Default;Default;Default;Default;Default;11111111;Empty;RyuJit;Default;X64;8c5e7fda-e8bf-4a96-9a85-a6e23a8c635c;.NET 8.0;False;True;False;True;Default;Default;False;False;False;Default;Default;Default;Default;Default;Default;Default;Default;30;Default;Default;Default;Default;Default;Default;Default;Default;16;Default;856000;"21,145,467.3 ns";"1,082,355.49 ns";"1,586,502.65 ns";"21,133,854.7 ns";baseline;;968.7500;968.7500;968.7500;27129922 B;
FrozenDictionary;Job-DJTJZX;False;Default;Default;Default;Default;Default;Default;11111111;Empty;RyuJit;Default;X64;8c5e7fda-e8bf-4a96-9a85-a6e23a8c635c;.NET 8.0;False;True;False;True;Default;Default;False;False;False;Default;Default;Default;Default;Default;Default;Default;Default;30;Default;Default;Default;Default;Default;Default;Default;Default;16;Default;856000;"61,827,662.5 ns";"2,797,824.03 ns";"4,187,651.28 ns";"62,415,550.0 ns";+193%;10.3%;250.0000;250.0000;250.0000;67172188 B;+148%
Dictionary;Job-DJTJZX;False;Default;Default;Default;Default;Default;Default;11111111;Empty;RyuJit;Default;X64;8c5e7fda-e8bf-4a96-9a85-a6e23a8c635c;.NET 8.0;False;True;False;True;Default;Default;False;False;False;Default;Default;Default;Default;Default;Default;Default;Default;30;Default;Default;Default;Default;Default;Default;Default;Default;16;Default;892000;"21,922,919.8 ns";"536,795.65 ns";"769,856.27 ns";"21,947,984.4 ns";baseline;;968.7500;968.7500;968.7500;27129922 B;
FrozenDictionary;Job-DJTJZX;False;Default;Default;Default;Default;Default;Default;11111111;Empty;RyuJit;Default;X64;8c5e7fda-e8bf-4a96-9a85-a6e23a8c635c;.NET 8.0;False;True;False;True;Default;Default;False;False;False;Default;Default;Default;Default;Default;Default;Default;Default;30;Default;Default;Default;Default;Default;Default;Default;Default;16;Default;892000;"64,347,158.6 ns";"3,917,976.25 ns";"5,864,242.37 ns";"66,644,314.3 ns";+193%;10.2%;428.5714;428.5714;428.5714;68182762 B;+151%
Dictionary;Job-DJTJZX;False;Default;Default;Default;Default;Default;Default;11111111;Empty;RyuJit;Default;X64;8c5e7fda-e8bf-4a96-9a85-a6e23a8c635c;.NET 8.0;False;True;False;True;Default;Default;False;False;False;Default;Default;Default;Default;Default;Default;Default;Default;30;Default;Default;Default;Default;Default;Default;Default;Default;16;Default;928000;"20,177,892.1 ns";"956,861.16 ns";"1,277,382.17 ns";"20,462,050.0 ns";baseline;;968.7500;968.7500;968.7500;27129922 B;
FrozenDictionary;Job-DJTJZX;False;Default;Default;Default;Default;Default;Default;11111111;Empty;RyuJit;Default;X64;8c5e7fda-e8bf-4a96-9a85-a6e23a8c635c;.NET 8.0;False;True;False;True;Default;Default;False;False;False;Default;Default;Default;Default;Default;Default;Default;Default;30;Default;Default;Default;Default;Default;Default;Default;Default;16;Default;928000;"71,726,989.2 ns";"2,373,568.49 ns";"3,479,145.92 ns";"72,014,771.4 ns";+256%;8.4%;571.4286;571.4286;571.4286;69189678 B;+155%
Dictionary;Job-DJTJZX;False;Default;Default;Default;Default;Default;Default;11111111;Empty;RyuJit;Default;X64;8c5e7fda-e8bf-4a96-9a85-a6e23a8c635c;.NET 8.0;False;True;False;True;Default;Default;False;False;False;Default;Default;Default;Default;Default;Default;Default;Default;30;Default;Default;Default;Default;Default;Default;Default;Default;16;Default;964000;"21,113,597.1 ns";"1,374,210.02 ns";"1,926,450.53 ns";"21,267,065.6 ns";baseline;;968.7500;968.7500;968.7500;27129922 B;
FrozenDictionary;Job-DJTJZX;False;Default;Default;Default;Default;Default;Default;11111111;Empty;RyuJit;Default;X64;8c5e7fda-e8bf-4a96-9a85-a6e23a8c635c;.NET 8.0;False;True;False;True;Default;Default;False;False;False;Default;Default;Default;Default;Default;Default;Default;Default;30;Default;Default;Default;Default;Default;Default;Default;Default;16;Default;964000;"70,676,120.2 ns";"3,244,809.91 ns";"4,756,200.29 ns";"70,063,485.7 ns";+238%;11.5%;428.5714;428.5714;428.5714;70197610 B;+159%
Dictionary;Job-DJTJZX;False;Default;Default;Default;Default;Default;Default;11111111;Empty;RyuJit;Default;X64;8c5e7fda-e8bf-4a96-9a85-a6e23a8c635c;.NET 8.0;False;True;False;True;Default;Default;False;False;False;Default;Default;Default;Default;Default;Default;Default;Default;30;Default;Default;Default;Default;Default;Default;Default;Default;16;Default;1000000;"20,945,809.5 ns";"1,365,109.90 ns";"1,957,799.83 ns";"20,787,960.9 ns";baseline;;968.7500;968.7500;968.7500;32556042 B;
FrozenDictionary;Job-DJTJZX;False;Default;Default;Default;Default;Default;Default;11111111;Empty;RyuJit;Default;X64;8c5e7fda-e8bf-4a96-9a85-a6e23a8c635c;.NET 8.0;False;True;False;True;Default;Default;False;False;False;Default;Default;Default;Default;Default;Default;Default;Default;30;Default;Default;Default;Default;Default;Default;Default;Default;16;Default;1000000;"76,712,215.2 ns";"2,230,790.11 ns";"3,338,941.59 ns";"76,289,407.1 ns";+270%;10.6%;428.5714;428.5714;428.5714;76631726 B;+135%
